Workbook

Sheet SamplingMethod
A1: collection_method_id | B1: method_uri | C1: label | D1: description | E1: def | F1: note | G1: source
A2: 64 | B2: secm:ses200 | C2: Agassiz trawl | D2: =E2&IF(ISBLANK(F2),"",". "&F2) -> Nets towed over the sea floor to sample species living on or near the bottom, with single rectangular mouth piece, a conical filtering net, and equipped with closing mouth mechanism. | E2: Nets towed over the sea floor to sample species living on or near the bottom, with single rectangular mouth piece, a conical filtering net, and equipped with closing mouth mechanism. | G2: <http://vocab.nerc.ac.uk/collection/L22/current/TOOL0991/1>
A3: 21 | B3: secm:core_air | C3: Air cooled core drilling | D3: =E3&IF(ISBLANK(F3),"",". "&F3) -> Rock or sediment core derived from a dry, air-cooled diamond drilling method. | E3: Rock or sediment core derived from a dry, air-cooled diamond drilling method. | G3: Geoscience Australia
A4: 1 | B4: secm:airfall_dust_collector | C4: Airfall dust collection | D4: =E4&IF(ISBLANK(F4),"",". "&F4) -> Sample of fine-grained solid material that is passively collected by airfall from the atmosphere. | E4: Sample of fine-grained solid material that is passively collected by airfall from the atmosphere. | G4: Geoscience Australia
A5: 2 | B5: secm:airlift | C5: Airlift water sampling | D5: =E5&IF(ISBLANK(F5),"",". "&F5) -> Compressed air is used to extract groundwater | E5: Compressed air is used to extract groundwater | G5: Geoscience Australia
A6: 3 | B6: secm:artesian_flow | C6: Artesian flow sampling | D6: =E6&IF(ISBLANK(F6),"",". "&F6) -> Groundwater sample obtained from flowing artesian bore | E6: Groundwater sample obtained from flowing artesian bore | G6: Geoscience Australia
A7: 4 | B7: secm:auger | C7: Auger | D7: =E7&IF(ISBLANK(F7),"",". "&F7) -> Specimens collected by hand or mechanical auger which enable samples to be taken at intervals down profile. For example regolith, soil or sediment. | E7: Specimens collected by hand or mechanical auger which enable samples to be taken at intervals down profile. For example regolith, soil or sediment. | G7: Geoscience Australia
A8: 66 | B8: secm:ses202 | C8: Backhoe | D8: =E8&IF(ISBLANK(F8),"",". "&F8)
A9: 67 | B9: secm:ses203 | C9: Beam trawl | D9: =E9&IF(ISBLANK(F9),"",". "&F9) -> Nets towed over the sea floor having the horizontal net opening provided by a wooden or metal beam that disrupts the surface of the bed. | E9: Nets towed over the sea floor having the horizontal net opening provided by a wooden or metal beam that disrupts the surface of the bed. | G9: <http://vocab.nerc.ac.uk/collection/L05/current/62>
A10: 39 | B10: secm:epibenthic_sled | C10: Benthic sled sampling | D10: =E10&IF(ISBLANK(F10),"",". "&F10) -> A method designed to collect benthic and benthopelagic faunas from the deep sea. The sled is made from a steel frame consisting of two skids and stabilizing planes to keep it from sinking too deep into the mud.. Sampling benthic flora and fauna using a device towed along the seafloor. The devices has have a secondary net to study plankton and can be fitted with video or stills cameras to monitor sampling in real time. https://www.ga.gov.au/scientific-topics/marine/survey-techniques/sedimentary-coring-drilling | E10: A method designed to collect benthic and benthopelagic faunas from the deep sea. The sled is made from a steel frame consisting of two skids and stabilizing planes to keep it from sinking too deep into the mud. | F10: Sampling benthic flora and fauna using a device towed along the seafloor. The devices has have a secondary net to study plankton and can be fitted with video or stills cameras to monitor sampling in real time. https://www.ga.gov.au/scientific-topics/marine/survey-techniques/sedimentary-coring-drilling | G10: Geoscience Australia
A11: 6 | B11: secm:benthic_trawl | C11: Benthic trawl | D11: =E11&IF(ISBLANK(F11),"",". "&F11) -> Seabed sampling taken over a small area seaward of the continental shelf. Sample of the upper few cm of rocky sea floor particularly for biota. | E11: Seabed sampling taken over a small area seaward of the continental shelf. Sample of the upper few cm of rocky sea floor particularly for biota. | G11: Geoscience Australia
A12: 68 | B12: secm:ses204 | C12: Blake trawl | D12: =E12&IF(ISBLANK(F12),"",". "&F12)
A13: 131 | B13: secm:sm032 | C13: Blasting | D13: =E13&IF(ISBLANK(F13),"",". "&F13) -> sample collected from rock material freed from outcrop by explosives; similar to surface grab in that precise location of specimen in the rock body is not precisely known | E13: sample collected from rock material freed from outcrop by explosives; similar to surface grab in that precise location of specimen in the rock body is not precisely known | G13: SESAR collection method
A14: 5 | B14: secm:bailer | C14: Borehole bailer sampling | D14: =E14&IF(ISBLANK(F14),"",". "&F14) -> Bailer is a hollow tube used to retrieve groundwater samples from monitoring wells. A bailer is tied to a piece of rope or wire and lowered into the water column to collect a sample. | E14: Bailer is a hollow tube used to retrieve groundwater samples from monitoring wells. A bailer is tied to a piece of rope or wire and lowered into the water column to collect a sample. | G14: Geoscience Australia
A15: 7 | B15: secm:borehole_dst_test | C15: Borehole drill stem test | D15: =E15&IF(ISBLANK(F15),"",". "&F15) -> A sample is collected during drilling by a test using a hydrostatic head to measure the formation pressures and to bring the formation fluids to the surface. The test can provide information for determination of potential petroleum producing formations and their exact depth. | E15: A sample is collected during drilling by a test using a hydrostatic head to measure the formation pressures and to bring the formation fluids to the surface. The test can provide information for determination of potential petroleum producing formations and their exact depth. | G15: Geoscience Australia
A16: 8 | B16: secm:borehole_fluid_sampling | C16: Borehole fluid sampling | D16: =E16&IF(ISBLANK(F16),"",". "&F16) -> Sampling of fluids (oil, gas, or water) from a borehole by an unspecified method. | E16: Sampling of fluids (oil, gas, or water) from a borehole by an unspecified method. | G16: Geoscience Australia
A17: 9 | B17: secm:borehole_prod_test | C17: Borehole production test | D17: =E17&IF(ISBLANK(F17),"",". "&F17) -> A borehole sampling test similar to DST test, but on a larger scale and under the production conditions after the well completion is conducted. | E17: A borehole sampling test similar to DST test, but on a larger scale and under the production conditions after the well completion is conducted. | G17: Geoscience Australia
A18: 11 | B18: secm:boreholewaterpump | C18: Borehole water pumping | D18: =E18&IF(ISBLANK(F18),"",". "&F18) -> A pump designed to lift water or other fluid to the surface from a borehole. Various designs exist, including electric submersible, helical coil, jet. Include pump jacks and windmills that are specific to pumping fluid from boreholes, as well as pumps design to be placed inside the borehole | E18: A pump designed to lift water or other fluid to the surface from a borehole. Various designs exist, including electric submersible, helical coil, jet. Include pump jacks and windmills that are specific to pumping fluid from boreholes, as well as pumps design to be placed inside the borehole | G18: Geoscience Australia
A19: 10 | B19: secm:borehole_wft_test | C19: Borehole wireline formation test | D19: =E19&IF(ISBLANK(F19),"",". "&F19) -> A sample is taken from a borehole with a wireline formation tester by inserting a probe into a well wall to withdraw a small amount of formation fluid and to measure the formation pore pressure. This measurement can provide formation pressures along the well hole, thereby giving a measure of pressure with depth or along a horizontal borehole. | E19: A sample is taken from a borehole with a wireline formation tester by inserting a probe into a well wall to withdraw a small amount of formation fluid and to measure the formation pore pressure. This measurement can provide formation pressures along the well hole, thereby giving a measure of pressure with depth or along a horizontal borehole. | G19: Geoscience Australia
A20: 12 | B20: secm:bottle_incubation | C20: bottle incubation | D20: =E20&IF(ISBLANK(F20),"",". "&F20) -> A method to derive the oxygen consumption rate/respiration rates of organic matter conducted in a bottle or vial under controlled light and temperature conditions. | E20: A method to derive the oxygen consumption rate/respiration rates of organic matter conducted in a bottle or vial under controlled light and temperature conditions. | G20: Geoscience Australia
A21: 13 | B21: secm:bottle_incubation_dark | C21: bottle incubation dark | D21: =E21&IF(ISBLANK(F21),"",". "&F21) -> A method to derive the oxygen consumption rate/respiration rates of organic matter conducted in a bottle or vial under controlled light and temperature conditions. | E21: A method to derive the oxygen consumption rate/respiration rates of organic matter conducted in a bottle or vial under controlled light and temperature conditions. | G21: Geoscience Australia
A22: 14 | B22: secm:bottle_incubation_light | C22: bottle incubation light | D22: =E22&IF(ISBLANK(F22),"",". "&F22) -> A method to derive the oxygen consumption rate/respiration rates of organic matter conducted in a bottle or vial under controlled light and temperature conditions. | E22: A method to derive the oxygen consumption rate/respiration rates of organic matter conducted in a bottle or vial under controlled light and temperature conditions. | G22: Geoscience Australia
A23: 124 | B23: secm:sm025 | C23: Box coring | D23: =E23&IF(ISBLANK(F23),"",". "&F23) -> A method that obtains a large volume or large surface area core with shallow penetration and minimum disturbance. Commonly uses a double spade system. A box core uses trigger plates that contact the seafloor to close the top and bottom of a metal box plunged into the seabed. This device neatly extracts a plug of sediment that is mostly undisturbed and allows scientists to examine the layers of sediment carefully and any marine life found within. Use this category for Eckman Dredge samples as well | E23: A method that obtains a large volume or large surface area core with shallow penetration and minimum disturbance. Commonly uses a double spade system. A box core uses trigger plates that contact the seafloor to close the top and bottom of a metal box plunged into the seabed. This device neatly extracts a plug of sediment that is mostly undisturbed and allows scientists to examine the layers of sediment carefully and any marine life found within. Use this category for Eckman Dredge samples as well | G23: SESAR collection method | http://www.deepreef.org/technology/9-grab.html; http://www.eu-hermione.net/box-core; http://www.azdeq.gov/environ/water/assessment/download/sampling.pdf (Eckman dredge) | Geoscience Australia
A24: 16 | B24: secm:cable_tool_drilling | C24: cable tool drilling | D24: =E24&IF(ISBLANK(F24),"",". "&F24) -> A percussion drilling method that uses a heavy drilling tool that is raised and lowered with enough force to pulverise the rock, with the debris removed by a bailer. | E24: A percussion drilling method that uses a heavy drilling tool that is raised and lowered with enough force to pulverise the rock, with the debris removed by a bailer. | G24: National Groundwater Information System (NGIS)
A25: 69 | B25: secm:ses205 | C25: Campbell grab sampling | D25: =E25&IF(ISBLANK(F25),"",". "&F25) -> utilizes a pulley arrangement to gain extra purchase to activate a pair of jaws. Shepard (1973) reports that large Petersen grabs have been known to bring back undisturbed samples that still retain stratification characteristics. However, Schlieper (1972) points out that the tensile closing action from the attached hydrowire creates a secondary lifting force at the central axis that the two jaws pivot around, resulting in a shallower bite (5 centimeters (cm) or less), especially in firmer sediments. photo shows large jaw pincers, bigger that other grab samplers, dated 1963, so it is likely old technology no longer in use.. photo shows large jaw pincers, bigger that other grab samplers, dated 1963, so it is likely old technology no longer in use. _Campbell_ grab is a large version of a Petersen grab. https://woodshole.er.usgs.gov/openfile/of2005-1001/htmldocs/samplers/grab/campbell.htm | E25: utilizes a pulley arrangement to gain extra purchase to activate a pair of jaws. Shepard (1973) reports that large Petersen grabs have been known to bring back undisturbed samples that still retain stratification characteristics. However, Schlieper (1972) points out that the tensile closing action from the attached hydrowire creates a secondary lifting force at the central axis that the two jaws pivot around, resulting in a shallower bite (5 centimeters (cm) or less), especially in firmer sediments. photo shows large jaw pincers, bigger that other grab samplers, dated 1963, so it is likely old technology no longer in use. | F25: photo shows large jaw pincers, bigger that other grab samplers, dated 1963, so it is likely old technology no longer in use. _Campbell_ grab is a large version of a Petersen grab. https://woodshole.er.usgs.gov/openfile/of2005-1001/htmldocs/samplers/grab/campbell.htm | G25: PSEP, 1997. Recommended Guidelines for Sampling Marine Sediment, Water Column, and Tissue in Puget Sound.
A26: 70 | B26: secm:ses206 | C26: Cartridge filter filtrate | D26: =E26&IF(ISBLANK(F26),"",". "&F26) -> liquid that has been passed through a cartridge filter | E26: liquid that has been passed through a cartridge filter
A27: 71 | B27: secm:ses207 | C27: Cartridge filter residue | D27: =E27&IF(ISBLANK(F27),"",". "&F27) -> material left behind when liquid passed throught cartridge filter | E27: material left behind when liquid passed throught cartridge filter | G27: this vocabulary
A28: 104 | B28: secm:sm006 | C28: Chain bag dredge | D28: =E28&IF(ISBLANK(F28),"",". "&F28) -> Sampling of large rocks from the sea floor using a chain bag. A rock dredge is a large bag made of metal chain links attached to a simple heavy frame that keeps the bag expanded. The dredge is lowered off the back of a ship to the seafloor and dragged along to collect large pieces of rock. Because of the coarse chain links most of the finer material is washed out of the bag leaving behind the larger rock and gravel pieces within the chain bag. The dredge is then winched up to the surface and any samples are dumped onto the deck of the ship to be sorted and preserved. | E28: Sampling of large rocks from the sea floor using a chain bag. A rock dredge is a large bag made of metal chain links attached to a simple heavy frame that keeps the bag expanded. The dredge is lowered off the back of a ship to the seafloor and dragged along to collect large pieces of rock. Because of the coarse chain links most of the finer material is washed out of the bag leaving behind the larger rock and gravel pieces within the chain bag. The dredge is then winched up to the surface and any samples are dumped onto the deck of the ship to be sorted and preserved. | G28: SESAR collection method | http://www.deepreef.org/technology/79-rock-dredge.html | Geoscience Australia
A29: 72 | B29: secm:ses208 | C29: Chain saw | D29: =E29&IF(ISBLANK(F29),"",". "&F29) -> Sample extracted from feature of interest by cutting with a chain saw. | E29: Sample extracted from feature of interest by cutting with a chain saw. | G29: SESAR data
A30: 17 | B30: secm:chamber_incubation | C30: Chamber incubation | D30: =E30&IF(ISBLANK(F30),"",". "&F30) -> A method that isolates sediment and overlying water in a benthic chamber. Water samples are collected from the benthic chamber during the incubation. | E30: A method that isolates sediment and overlying water in a benthic chamber. Water samples are collected from the benthic chamber during the incubation. | G30: Geoscience Australia
A31: 18 | B31: secm:chamber_incubation_dark | C31: chamber incubation dark | D31: =E31&IF(ISBLANK(F31),"",". "&F31) -> A in situ method that isolates sediment and overlying water in a dark benthic chamber. Incubation water samples are collected from the benthic chamber during the incubation. The dark chamber restricts light penetration and therefore stops the process of photosynthesis. This enables benthic respiration to be measured. | E31: A in situ method that isolates sediment and overlying water in a dark benthic chamber. Incubation water samples are collected from the benthic chamber during the incubation. The dark chamber restricts light penetration and therefore stops the process of photosynthesis. This enables benthic respiration to be measured. | G31: Geoscience Australia
A32: 19 | B32: secm:chamber_incubation_light | C32: chamber incubation light | D32: =E32&IF(ISBLANK(F32),"",". "&F32) -> A in situ method that isolates sediment and overlying water in a light benthic chamber. Incubation water samples are collected from the benthic chamber during the incubation. The transparent walls of the chamber allow light penetration and enables benthic respiration and photosynthesis to be measured. | E32: A in situ method that isolates sediment and overlying water in a light benthic chamber. Incubation water samples are collected from the benthic chamber during the incubation. The transparent walls of the chamber allow light penetration and enables benthic respiration and photosynthesis to be measured. | G32: Geoscience Australia
A33: 114 | B33: secm:sm015 | C33: Channel sampling | D33: =E33&IF(ISBLANK(F33),"",". "&F33) -> sampling material along a channel through a feature of interest.. chip an approximately 3-inch by 3-inch (7.5 cm by 7.5 cm) channel accross the sampled feature (e.g. a coal bed) with a chisel or pick-point hammer producing fragments 2 inches (5 cm) or less across. Positioning a horizontal plastic sheet below the level of channel cutting is sometimes helpful. May also be applied to sampling at regular intervals along a channel or trench cut across a surface. | E33: sampling material along a channel through a feature of interest. | F33: chip an approximately 3-inch by 3-inch (7.5 cm by 7.5 cm) channel accross the sampled feature (e.g. a coal bed) with a chisel or pick-point hammer producing fragments 2 inches (5 cm) or less across. Positioning a horizontal plastic sheet below the level of channel cutting is sometimes helpful. May also be applied to sampling at regular intervals along a channel or trench cut across a surface. | G33: Vernon E. Swanson and Claude Huffman Jr., 1976, U. S. Geological Survey CIRCULAR 735. accessed at http://energy.er.usgs.gov/products/databases/CoalQual/Docs/c735.pdf
A34: 20 | B34: secm:chemicalseparation | C34: Chemical separation | D34: =E34&IF(ISBLANK(F34),"",". "&F34) -> sample collection by chemical processing of a sampled material | E34: sample collection by chemical processing of a sampled material | G34: this vocabulary
A35: 73 | B35: secm:ses210 | C35: Chip sampling | D35: =E35&IF(ISBLANK(F35),"",". "&F35) -> sampling over an area of a feature off interest by breaking off small pieces; produces an aggregate | E35: sampling over an area of a feature off interest by breaking off small pieces; produces an aggregate
A36: 115 | B36: secm:sm016 | C36: Collected from outcrop | D36: =E36&IF(ISBLANK(F36),"",". "&F36) -> specimen obtained by breaking piece(s) of rock from rock outcrop on surface or in a subsurface tunnel | E36: specimen obtained by breaking piece(s) of rock from rock outcrop on surface or in a subsurface tunnel | G36: this vocabulary
A37: 108 | B37: secm:sm010 | C37: Composite water sampling | D37: =E37&IF(ISBLANK(F37),"",". "&F37) -> water sample collected through some documented process over an extended water volume meant to characterize that volume e.g. a profile in a lake a stream cross section or some volume in the ocean. Many different processes may be used to collect subsamples and aggregate them into a representative single sample. | E37: water sample collected through some documented process over an extended water volume meant to characterize that volume e.g. a profile in a lake a stream cross section or some volume in the ocean. Many different processes may be used to collect subsamples and aggregate them into a representative single sample. | G37: e.g. see http://www.azdeq.gov/environ/water/assessment/download/sampling.pdf
A38: 102 | B38: secm:sm003 | C38: Composite water sampling-filter w reagent | D38: =E38&IF(ISBLANK(F38),"",". "&F38) -> composite filtered water sample preserved with reagent (e.g. nitric acid sulfuric acid) as part of sampling process | E38: composite filtered water sample preserved with reagent (e.g. nitric acid sulfuric acid) as part of sampling process | G38: e.g. see http://www.azdeq.gov/environ/water/assessment/download/sampling.pdf
A39: 100 | B39: secm:sm001 | C39: Composite water sampling- w reagent | D39: =E39&IF(ISBLANK(F39),"",". "&F39) -> composite water sample preserved with reagent (e.g. nitric acid sulfuric acid) as part of sampling process | E39: composite water sample preserved with reagent (e.g. nitric acid sulfuric acid) as part of sampling process | G39: e.g. see http://www.azdeq.gov/environ/water/assessment/download/sampling.pdf
A40: 101 | B40: secm:sm002 | C40: Composite water sampling-filter | D40: =E40&IF(ISBLANK(F40),"",". "&F40) -> composite water sample filtered as part of the sampling process (in the field or within a very short time period after collection) | E40: composite water sample filtered as part of the sampling process (in the field or within a very short time period after collection) | G40: e.g. see http://www.azdeq.gov/environ/water/assessment/download/sampling.pdf
A41: 15 | B41: secm:bottlesampling | C41: Container sampling | D41: =E41&IF(ISBLANK(F41),"",". "&F41) -> Water is collected in a container that is opened to collect water at some specific depth in a water body. Includes Niskin bottles, bottles on Rosette samplers https://en.wikipedia.org/wiki/Rosette_sampler. Also bottled samples collected by simple bailer or scoop from water surface. If water is filtered or preserved use the water sampling -filtere or -preserved categories.. include Hydrothermal Fluid and Particle Sampler (HFPS) collect fluids and particles, Using a 25-port valve and two pumps, fluids are pumped through a titanium intake nozzle, through a Teflon hose and custom titanium and Teflon manifold with 24 ports. The sampler has a capacity of 18 water samples (700ml each) and 6 in-situ filters. include _Titanium major water sampler_, another tool to sample high temperature water in submarine environment. Similar to a syringe, a trigger on the outside of the bottle can be pressed by the ROV pilot to release a spring that will draw fluid into the chamber. Approximately 750ml of fluid can be collected using the Major bottles. https://oceanexplorer.noaa.gov/explorations/05lostcity/logs/july28/july28.html | E41: Water is collected in a container that is opened to collect water at some specific depth in a water body. Includes Niskin bottles, bottles on Rosette samplers https://en.wikipedia.org/wiki/Rosette_sampler. Also bottled samples collected by simple bailer or scoop from water surface. If water is filtered or preserved use the water sampling -filtere or -preserved categories. | F41: include Hydrothermal Fluid and Particle Sampler (HFPS) collect fluids and particles, Using a 25-port valve and two pumps, fluids are pumped through a titanium intake nozzle, through a Teflon hose and custom titanium and Teflon manifold with 24 ports. The sampler has a capacity of 18 water samples (700ml each) and 6 in-situ filters. include _Titanium major water sampler_, another tool to sample high temperature water in submarine environment. Similar to a syringe, a trigger on the outside of the bottle can be pressed by the ROV pilot to release a spring that will draw fluid into the chamber. Approximately 750ml of fluid can be collected using the Major bottles. https://oceanexplorer.noaa.gov/explorations/05lostcity/logs/july28/july28.html | G41: this vocabulary
A42: 22 | B42: secm:core_catcher | C42: Core catcher | D42: =E42&IF(ISBLANK(F42),"",". "&F42) -> A method by which a specimen of sediment is collected from the end of the core in the core catcher. The core catcher has curved finger-like projections that extend down to the lowest part of the core liner. The core catcher helps keep the sediment in the core liner when the core is being removed from the surface. | E42: A method by which a specimen of sediment is collected from the end of the core in the core catcher. The core catcher has curved finger-like projections that extend down to the lowest part of the core liner. The core catcher helps keep the sediment in the core liner when the core is being removed from the surface. | G42: Geoscience Australia
A43: 23 | B43: secm:core_conventional | C43: Core conventional | D43: =E43&IF(ISBLANK(F43),"",". "&F43) -> Core drilling using diamond or tungsten carbide bit using a core barrel with fibreglass inner sleeves. Used in the oil industry. | E43: Core drilling using diamond or tungsten carbide bit using a core barrel with fibreglass inner sleeves. Used in the oil industry. | G43: Geoscience Australia
A44: 24 | B44: secm:core_cutter | C44: Core cutter | D44: =E44&IF(ISBLANK(F44),"",". "&F44) -> A method by which a specimen of sediment is collected from the lowest part of a coring assembly at the core cutter. The core cutter has sharp edges which cut and shape the sediment entering the core liner as the corer goes into the sediment. | E44: A method by which a specimen of sediment is collected from the lowest part of a coring assembly at the core cutter. The core cutter has sharp edges which cut and shape the sediment entering the core liner as the corer goes into the sediment. | G44: Geoscience Australia
A45: 26 | B45: secm:core_drilling_unspecified | C45: Core drilling | D45: =E45&IF(ISBLANK(F45),"",". "&F45) -> Sampling of a core of earth material by an unspecified drilling method | E45: Sampling of a core of earth material by an unspecified drilling method | G45: Geoscience Australia, SESAR collection method
A46: 28 | B46: secm:core_incubation_dark | C46: core incubation dark | D46: =E46&IF(ISBLANK(F46),"",". "&F46) -> A method whereby a sediment core is collected along with overlying water. The sediment and water are incubated under no light and controlled temperature conditions. | E46: A method whereby a sediment core is collected along with overlying water. The sediment and water are incubated under no light and controlled temperature conditions. | G46: Geoscience Australia
A47: 29 | B47: secm:core_incubation_light | C47: core incubation light | D47: =E47&IF(ISBLANK(F47),"",". "&F47) -> A method whereby a sediment core is collected along with overlying water. The sediment and water are incubated under controlled light and temperature conditions. | E47: A method whereby a sediment core is collected along with overlying water. The sediment and water are incubated under controlled light and temperature conditions. | G47: Geoscience Australia
A48: 30 | B48: secm:core_mackereth | C48: core Mackereth | D48: =E48&IF(ISBLANK(F48),"",". "&F48) -> The Mackereth is a complex coring system utilizing compressed gas to penetrate and recover single-drive moderate (up to 12 m) cores from lakes of diverse depths. Mackereth cores can be deployed on virutally any small craft and and can be used in water depths up to 80 m. | E48: The Mackereth is a complex coring system utilizing compressed gas to penetrate and recover single-drive moderate (up to 12 m) cores from lakes of diverse depths. Mackereth cores can be deployed on virutally any small craft and and can be used in water depths up to 80 m. | G48: Geoscience Australia
A49: 95 | B49: secm:ses234 | C49: Core preserved with wax | D49: =E49&IF(ISBLANK(F49),"",". "&F49) -> Core coated with wax or other sealant to preserve volatile content. A standard procedure for core preservation consists of wrapping the sample with plastic film and aluminum foil before dip coating it. For the purposes of this paper, the term ‘wax’ will be used to describe the meltable coating used to cover the wrapped core plug or whole core section. | E49: Core coated with wax or other sealant to preserve volatile content | F49: A standard procedure for core preservation consists of wrapping the sample with plastic film and aluminum foil before dip coating it. For the purposes of this paper, the term ‘wax’ will be used to describe the meltable coating used to cover the wrapped core plug or whole core section. | G49: https://jgmaas.com/SCA/2014/SCA2014-097.pdf
A50: 31 | B50: secm:core_press | C50: core press | D50: =E50&IF(ISBLANK(F50),"",". "&F50) -> Pore water is extracted from core material under pressure. | E50: Pore water is extracted from core material under pressure. | G50: Geoscience Australia
A51: 35 | B51: secm:core_spike | C51: core spike | D51: =E51&IF(ISBLANK(F51),"",". "&F51) -> A core of surficial material taken by driving a spike into the ground. | E51: A core of surficial material taken by driving a spike into the ground. | G51: Geoscience Australia
A52: 140 | B52: secm:sm041 | C52: Coring | D52: =E52&IF(ISBLANK(F52),"",". "&F52) -> Sample is removed from sampling feature by extracting an undisturbed provile typically as a long cylinder meant to preserve the internal structure of the sampled sediment or rock. sample extracted as a cylinder of material drilled out of the feature of interest; diameter can range from mm to m, lengths mm to 100_s of m. | E52: Sample is removed from sampling feature by extracting an undisturbed provile typically as a long cylinder meant to preserve the internal structure of the sampled sediment or rock. sample extracted as a cylinder of material drilled out of the feature of interest; diameter can range from mm to m, lengths mm to 100_s of m. | G52: this vocabulary
A53: 33 | B53: secm:core_rov | C53: Coring from submersible | D53: =E53&IF(ISBLANK(F53),"",". "&F53) -> A core produced by a drill mounted on a submersible vehicle, ROV, HOV. | E53: A core produced by a drill mounted on a submersible vehicle, ROV, HOV. | G53: Geoscience Australia
A54: 36 | B54: secm:densityseparation | C54: Density separation | D54: =E54&IF(ISBLANK(F54),"",". "&F54) -> isolation of a component of an agregate based on particle density, e.g. heavy liquid | E54: isolation of a component of an agregate based on particle density, e.g. heavy liquid | G54: this vocabulary
A55: 25 | B55: secm:core_diamond | C55: Diamond bit drill coring | D55: =E55&IF(ISBLANK(F55),"",". "&F55) -> Rock or sediment core drilling using a liquid-cooled, diamond or tungsten carbide bit. | E55: Rock or sediment core drilling using a liquid-cooled, diamond or tungsten carbide bit. | G55: Geoscience Australia
A56: 37 | B56: secm:diamantina_dredge | C56: dredge diamantina | D56: =E56&IF(ISBLANK(F56),"",". "&F56) -> Used as a spot dredge to quickly ascertain sea bed geology. Samples give the seabed character unless it is deep when any mud is washed out during retrieval. In shallow water this dredge will return rock, mud, benthic samples and any thing else that is on the bottom. | E56: Used as a spot dredge to quickly ascertain sea bed geology. Samples give the seabed character unless it is deep when any mud is washed out during retrieval. In shallow water this dredge will return rock, mud, benthic samples and any thing else that is on the bottom. | G56: Geoscience Australia
A57: 56 | B57: secm:pipe_dredge | C57: dredge pipe | D57: =E57&IF(ISBLANK(F57),"",". "&F57) -> Sampling of small fragments and mud from the sea floor, using a metal pipe linked to the tow cable. Total weight of the dredge is around 25kg. | E57: Sampling of small fragments and mud from the sea floor, using a metal pipe linked to the tow cable. Total weight of the dredge is around 25kg. | G57: Geoscience Australia
A58: 132 | B58: secm:sm033 | C58: Dredge sampling | D58: =E58&IF(ISBLANK(F58),"",". "&F58) -> samples _grabbed_ from submarine surface by dragging a basket with an enclosed bottom (solid or open-chain) along the bottom of the water body.. Used for sampling sediment material or rock from the bottom of a water body. Use Trawl if focus is on pelagic or benthic biome. | E58: samples _grabbed_ from submarine surface by dragging a basket with an enclosed bottom (solid or open-chain) along the bottom of the water body. | F58: Used for sampling sediment material or rock from the bottom of a water body. Use Trawl if focus is on pelagic or benthic biome. | G58: SESAR collection method | Geoscience Australia
A59: 38 | B59: secm:drilling | C59: Drilling | D59: =E59&IF(ISBLANK(F59),"",". "&F59) -> Sampling by a hole drilled into the Earth by any method | E59: Sampling by a hole drilled into the Earth by any method | G59: Geoscience Australia
A60: 109 | B60: secm:sm011 | C60: Evacuated bottle gas sampling | D60: =E60&IF(ISBLANK(F60),"",". "&F60) -> A chemically inert and durable tube e.g. titanium quartz alumina or mullite) is inserted into the gas source, and allowed to thermally equilibrate with the gas; a specially prepared collection bottle with a high vacuum stopcock and sample port is attached to the collection tube. The bottle is prepared with a concentrated aqueous sodium hydroxide solution, carefully weighed and evacuated with a vacuum pump. As gas bubbles through the alkaline solution, acid gases such as CO2 H2S SO2 HCl and HF dissolve into the liquid. The remaining gases such as N2 O2 H2 CO and He collect in the headspace of the bottle. Geothermal system gases are typically omposed mostly of water and condensable acid gases that are absorbed into the alkaline solution, so many liters of gas can be collected in a single bottle. This method concentrates gases in the solution and headspace and thereby promotes better analytical precision. Typically used for hot (volcanic geothermal) gas collection. | E60: A chemically inert and durable tube e.g. titanium quartz alumina or mullite) is inserted into the gas source, and allowed to thermally equilibrate with the gas; a specially prepared collection bottle with a high vacuum stopcock and sample port is attached to the collection tube. The bottle is prepared with a concentrated aqueous sodium hydroxide solution, carefully weighed and evacuated with a vacuum pump. As gas bubbles through the alkaline solution, acid gases such as CO2 H2S SO2 HCl and HF dissolve into the liquid. The remaining gases such as N2 O2 H2 CO and He collect in the headspace of the bottle. Geothermal system gases are typically omposed mostly of water and condensable acid gases that are absorbed into the alkaline solution, so many liters of gas can be collected in a single bottle. This method concentrates gases in the solution and headspace and thereby promotes better analytical precision. Typically used for hot (volcanic geothermal) gas collection. | G60: http://volcanoes.usgs.gov/activity/methods/gas/sample.php | https://pubs.usgs.gov/of/1974/0361/report.pdf | https://asgmt.com/wp-content/uploads/2018/10/105.pdf
A61: 40 | B61: secm:field_mapping_observation | C61: Field mapping survey | D61: =E61&IF(ISBLANK(F61),"",". "&F61) -> A mapping survey undertaken in a land environment. May include observations and/or sampling. | E61: A mapping survey undertaken in a land environment. May include observations and/or sampling. | G61: Geoscience Australia
A62: 41 | B62: secm:filtered_dust_collector | C62: Filtered dust collector | D62: =E62&IF(ISBLANK(F62),"",". "&F62) -> Sample of fine-grained solid material that is actively collected from the atmosphere by pumping and filtration. | E62: Sample of fine-grained solid material that is actively collected from the atmosphere by pumping and filtration. | G62: Geoscience Australia
A63: 42 | B63: secm:filtration | C63: Filtration residue sampling | D63: =E63&IF(ISBLANK(F63),"",". "&F63) -> Separation of undissolved sediment and biological particles collected from a water column by filtration. For total dissolved solids measurements the sample is filtered through a glass fibre filter under controlled conditions. The type of filter is dependent on the method used and the purpose of the determination. | E63: Separation of undissolved sediment and biological particles collected from a water column by filtration. For total dissolved solids measurements the sample is filtered through a glass fibre filter under controlled conditions. The type of filter is dependent on the method used and the purpose of the determination. | G63: Geoscience Australia
A64: 110 | B64: secm:sm012 | C64: Flow through bottle gas sampling | D64: =E64&IF(ISBLANK(F64),"",". "&F64) -> Insert a suitable chemically inert and durable tube (e.g. titanium quartz alumina or mullite) into gas source. After allowing the tube to heat until condensation in the tube has reached equilibrium with the escaping gases usually about 5 minutes a specially-designed flow-through sample bottle with a stopcock at each end and a hand-operated pump is attached to the collection tubing. The hand pump flushes out air and draws the gas into the bottle. This collection method is faster that the evacuated bottle method. It is used when a complete gas analysis is not necessary or where field conditions are too hazardous to safely make an evacuated-bottle collection. Sulfur gases are stable for only a short time so this type of sample must be analyzed within a few hours of collection. | E64: Insert a suitable chemically inert and durable tube (e.g. titanium quartz alumina or mullite) into gas source. After allowing the tube to heat until condensation in the tube has reached equilibrium with the escaping gases usually about 5 minutes a specially-designed flow-through sample bottle with a stopcock at each end and a hand-operated pump is attached to the collection tubing. The hand pump flushes out air and draws the gas into the bottle. This collection method is faster that the evacuated bottle method. It is used when a complete gas analysis is not necessary or where field conditions are too hazardous to safely make an evacuated-bottle collection. Sulfur gases are stable for only a short time so this type of sample must be analyzed within a few hours of collection. | G64: http://volcanoes.usgs.gov/activity/methods/gas/sample.php
A65: 141 | B65: secm:sm043 | C65: Fluid sampling | D65: =E65&IF(ISBLANK(F65),"",". "&F65) -> General category for gas and water sampling procedures that obtain a specimen in a sealed container, or feed directly to analytical equipment (e.g. autosamplers). | E65: General category for gas and water sampling procedures that obtain a specimen in a sealed container, or feed directly to analytical equipment (e.g. autosamplers). | G65: this vocabulary
A66: 43 | B66: secm:freefallcoring | C66: Free fall coring | D66: =E66&IF(ISBLANK(F66),"",". "&F66) -> collection of core with a tube that has an assembly with weights and fins, allowed to drop through the water column and penetrate water bottom sediment.. see https://www.kc-denmark.dk/products/sediment-samplers/free-fall-corer.aspx. This device used in sandy sediment, core tube lengths to 2 m long | E66: collection of core with a tube that has an assembly with weights and fins, allowed to drop through the water column and penetrate water bottom sediment. | F66: see https://www.kc-denmark.dk/products/sediment-samplers/free-fall-corer.aspx. This device used in sandy sediment, core tube lengths to 2 m long | G66: reported in SESAR data.
A67: 111 | B67: secm:sm013 | C67: Gas sampling | D67: =E67&IF(ISBLANK(F67),"",". "&F67) -> general class for gas sampling methods. include Headspace equilibration method; https://doi.org/10.1016/j.jenvman.2012.06.033 | E67: general class for gas sampling methods | F67: include Headspace equilibration method; https://doi.org/10.1016/j.jenvman.2012.06.033 | G67: this vocabulary
A68: 76 | B68: secm:ses214 | C68: Gas tight bottle sampling | D68: =E68&IF(ISBLANK(F68),"",". "&F68) -> Gas collection in a collection bottle that is sealed well enough to maintain the pressure of the original sample fluid; used to sample gasses from deep sea sources. Described technique uses flow-through gas sampling. | E68: Gas collection in a collection bottle that is sealed well enough to maintain the pressure of the original sample fluid; used to sample gasses from deep sea sources. Described technique uses flow-through gas sampling. | G68: https://doi.org/10.1016/j.dsr.2020.103282
A69: 27 | B69: secm:core_geoprobe | C69: Geoprobe coring | D69: =E69&IF(ISBLANK(F69),"",". "&F69) -> High quality core extracted by hydraulic power. Used in rough terrain, soft sand, mud, shallow water, or tight, congested areas. Long high quality cores.. [Ed. note] Geoprobe is a company that makes a variety of drilling and coring equipment; just saying _Geoprobe_ isn_t obviously communicating what drilling technology is intended. | E69: High quality core extracted by hydraulic power. Used in rough terrain, soft sand, mud, shallow water, or tight, congested areas. Long high quality cores. | F69: [Ed. note] Geoprobe is a company that makes a variety of drilling and coring equipment; just saying _Geoprobe_ isn_t obviously communicating what drilling technology is intended. | G69: https://geoprobe.com/tooling/rock-coring-wet-rotary-systems | Geoscience Australia
A70: 77 | B70: secm:ses215 | C70: Ghostbuster fluid sampler | D70: =E70&IF(ISBLANK(F70),"",". "&F70) -> Ghostbuster appears to be a device for in situ chemical measurements in a high temperature/pressure environment (e.g. sea floor black smoker), designed by Kang Ding/Bill Seyfried of UMN. The information found on the web doesn_t indicate it returns material samples, just measurements. (https://www.marine-geo.org/services/vocab/vocab_device_type). https://gfd.whoi.edu/wp-content/uploads/sites/66/2023/08/at11-7-cruise_report.pdf. https://www.unols.org/sites/default/files/CA_InstrumentationManipulators.pdf | E70: Ghostbuster appears to be a device for in situ chemical measurements in a high temperature/pressure environment (e.g. sea floor black smoker), designed by Kang Ding/Bill Seyfried of UMN. The information found on the web doesn_t indicate it returns material samples, just measurements. (https://www.marine-geo.org/services/vocab/vocab_device_type). https://gfd.whoi.edu/wp-content/uploads/sites/66/2023/08/at11-7-cruise_report.pdf. https://www.unols.org/sites/default/files/CA_InstrumentationManipulators.pdf
A71: 44 | B71: secm:grab_eckman | C71: grab Eckman | D71: =E71&IF(ISBLANK(F71),"",". "&F71) -> The Eckman Bottom Grab sampler is designed for sampling in soft bottomed lakes and rivers composed of muck, mud or fine peat | E71: The Eckman Bottom Grab sampler is designed for sampling in soft bottomed lakes and rivers composed of muck, mud or fine peat | G71: Geoscience Australia
A72: 133 | B72: secm:sm034 | C72: Grab from trench or pit | D72: =E72&IF(ISBLANK(F72),"",". "&F72) -> loose sediment collected into bag from the wall of a trench, stream bank or pit--any vertical cut that provides access to a near surface soil and sediment profile; common for sampling soil horizons. | E72: loose sediment collected into bag from the wall of a trench, stream bank or pit--any vertical cut that provides access to a near surface soil and sediment profile; common for sampling soil horizons. | G72: this vocabulary
A73: 45 | B73: secm:grab_shipek | C73: grab Shipek | D73: =E73&IF(ISBLANK(F73),"",". "&F73) -> When the grab touches the bottom, inertia from a self-contained weight releases a catch and helical springs rotate the inner half cylinder by 180°. After turning, the scoop remains closed by the residual torque of the scoop spring. Because the rotation of the bucket is extremely rapid, it cuts the sediment cleanly, particularly in soft clays, muds, silts & sands. After closing, the sample has optimum protection from washout during retrieval by the cylindrical design. https://www.wildco.com/how-does-the-shipek-grab-operate/, https://www.feritech.com/products/geotechnical/sea-floor-grabs/shipek-grab/. centre-pivot sampler is designed to sample unconsolidated sediments from soft ooze to hard-packed silts from deep lakes and near offshore. It brings up virtually undisturbed, unwashed samples to the surface from any depth. Its speciality is sampling benthic organisms living at or immediately below the water/bottom interface and sediment containing a significant population of non-sessile forms. https://envcoglobal.com/catalog/water/shipek-grab/ | E73: When the grab touches the bottom, inertia from a self-contained weight releases a catch and helical springs rotate the inner half cylinder by 180°. After turning, the scoop remains closed by the residual torque of the scoop spring. Because the rotation of the bucket is extremely rapid, it cuts the sediment cleanly, particularly in soft clays, muds, silts & sands. After closing, the sample has optimum protection from washout during retrieval by the cylindrical design. https://www.wildco.com/how-does-the-shipek-grab-operate/, https://www.feritech.com/products/geotechnical/sea-floor-grabs/shipek-grab/ | F73: centre-pivot sampler is designed to sample unconsolidated sediments from soft ooze to hard-packed silts from deep lakes and near offshore. It brings up virtually undisturbed, unwashed samples to the surface from any depth. Its speciality is sampling benthic organisms living at or immediately below the water/bottom interface and sediment containing a significant population of non-sessile forms. https://envcoglobal.com/catalog/water/shipek-grab/ | G73: Geoscience Australia
A74: 48 | B74: secm:grainsize_separation | C74: Grain size separation | D74: =E74&IF(ISBLANK(F74),"",". "&F74) -> Separation of various size fractions of mineral or rock particles from the original specimen. For example, by using a seive or particle settling. | E74: Separation of various size fractions of mineral or rock particles from the original specimen. For example, by using a seive or particle settling. | G74: Geoscience Australia
A75: 125 | B75: secm:sm026 | C75: Gravity coring | D75: =E75&IF(ISBLANK(F75),"",". "&F75) -> Coring that relies on the weight of the device for penetration into the seafloor. Geoscience Australia_s gravity corer consists of a one tonne weight atop a steel core barrel which houses an internal PVC core sleeve. The unit is lowered to a predetermined height above the seafloor using a wire rope before being allowed to freefall. The resulting core enters the internal sleeve and is held in place by a core catcher. The wire rope is then reeled in and the inner sleeve is removed from the core barrel and the core is processed. Gravity cores up to 12 metres in length can be collected with some systems but in practice recoveries are typically less than six metres. The gravity corer is designed for use in areas of soft, unconsolidated sediment. | E75: Coring that relies on the weight of the device for penetration into the seafloor. Geoscience Australia_s gravity corer consists of a one tonne weight atop a steel core barrel which houses an internal PVC core sleeve. The unit is lowered to a predetermined height above the seafloor using a wire rope before being allowed to freefall. The resulting core enters the internal sleeve and is held in place by a core catcher. The wire rope is then reeled in and the inner sleeve is removed from the core barrel and the core is processed. Gravity cores up to 12 metres in length can be collected with some systems but in practice recoveries are typically less than six metres. The gravity corer is designed for use in areas of soft, unconsolidated sediment. | G75: SESAR collection method | http://www.whoi.edu/instruments/viewInstrument.do?id=8087| http://www.whoi.edu/instruments/viewInstrument.do?id=1079 | Geoscience Australia
A76: 78 | B76: secm:ses216 | C76: Hammer from outcrop | D76: =E76&IF(ISBLANK(F76),"",". "&F76)
A77: 79 | B77: secm:ses217 | C77: Hand auger | D77: =E77&IF(ISBLANK(F77),"",". "&F77)
A78: 105 | B78: secm:sm007 | C78: Hand auger coring | D78: =E78&IF(ISBLANK(F78),"",". "&F78) -> core extracted from sediment or soil by a hand rotated tool with a special bit that extracts short segments of cored sediment; many variations in design. | E78: core extracted from sediment or soil by a hand rotated tool with a special bit that extracts short segments of cored sediment; many variations in design. | G78: this vocabulary; http://www.oakenviro.com/pdfs/Dutch%20Auger%20equipment%20options%20-%20Eijkelkamp.pdf
A79: 126 | B79: secm:sm027 | C79: Hand held coring | D79: =E79&IF(ISBLANK(F79),"",". "&F79) -> Collects core by operator pushing the core tube into the sediment to be sampled; may be assisted by vibration induced in the core tube. Like push core, but manually operated. | E79: Collects core by operator pushing the core tube into the sediment to be sampled; may be assisted by vibration induced in the core tube. Like push core, but manually operated. | G79: SESAR collection method
A80: 80 | B80: secm:ses218 | C80: Human grab from surface | D80: =E80&IF(ISBLANK(F80),"",". "&F80) -> Sample collected by picking up some loose material from subaerial solid earth boundary surface | E80: Sample collected by picking up some loose material from subaerial solid earth boundary surface
A81: 106 | B81: secm:sm008 | C81: Inverted funnel evacuated bottle gas collection | D81: =E81&IF(ISBLANK(F81),"",". "&F81) -> Gas is collected from a bubbling subaqueous gas source by inverting a suitable size and composition funnel over the gas source connected by a tube to an evacuated bottle gas collector. | E81: Gas is collected from a bubbling subaqueous gas source by inverting a suitable size and composition funnel over the gas source connected by a tube to an evacuated bottle gas collector.
A82: 107 | B82: secm:sm009 | C82: Inverted funnel flow thru bottle gas collection | D82: =E82&IF(ISBLANK(F82),"",". "&F82) -> Gas is collected from a bubbling subaqueous gas source by inverting a suitable size and composition funnel over the gas source connected by a tube to a flow through bottle gas collector. | E82: Gas is collected from a bubbling subaqueous gas source by inverting a suitable size and composition funnel over the gas source connected by a tube to a flow through bottle gas collector.
A83: 82 | B83: secm:ses221 | C83: Kasten coring | D83: =E83&IF(ISBLANK(F83),"",". "&F83) -> Large volume, reletatively undisturbed sediment core (~3m long) from a Kasten Corer. The corer is constructed of stainless steel and is square in cross-section. A weight of several hundred kilograms on top of the corer pushes it 2-3 metres into the seabed. It is designed for sedimentological and geochemical sampling of fine-grained sediments. This type of corer obtains relatively undisturbed cores and can preserve the sediment/water interface. This type of core is useful for determining sediment accumulation rates.. A slight variation on the gravity corer is the Kasten corer. This uses a similar set up, but uses a sample tube manufactured from sheet metal of square cross section with sides approximately 150mm. No liner is used. A cutter section fitted to the end of the sample tube has two spring-loaded flaps that close when the corer is withdrawn from the sediment. The sample tube is designed to be split to gain access to the sample. https://noc.ac.uk/facilities/national-marine-equipment-pool/scientific-engineering/seafloor-sampling | E83: Large volume, reletatively undisturbed sediment core (~3m long) from a Kasten Corer. The corer is constructed of stainless steel and is square in cross-section. A weight of several hundred kilograms on top of the corer pushes it 2-3 metres into the seabed. It is designed for sedimentological and geochemical sampling of fine-grained sediments. This type of corer obtains relatively undisturbed cores and can preserve the sediment/water interface. This type of core is useful for determining sediment accumulation rates. | F83: A slight variation on the gravity corer is the Kasten corer. This uses a similar set up, but uses a sample tube manufactured from sheet metal of square cross section with sides approximately 150mm. No liner is used. A cutter section fitted to the end of the sample tube has two spring-loaded flaps that close when the corer is withdrawn from the sediment. The sample tube is designed to be split to gain access to the sample. https://noc.ac.uk/facilities/national-marine-equipment-pool/scientific-engineering/seafloor-sampling | G83: Geoscience Australia
A84: 139 | B84: secm:sm040 | C84: Lag sample | D84: =E84&IF(ISBLANK(F84),"",". "&F84) -> Sample collected by sweeping up surface lag material over some area and bagging it. Generally only used in arid or semi-arid environments where surface lag is representative in some way of underlying bedrock. | E84: Sample collected by sweeping up surface lag material over some area and bagging it. Generally only used in arid or semi-arid environments where surface lag is representative in some way of underlying bedrock. | G84: this vocabulary
A85: 50 | B85: secm:liquid-gas_separation | C85: Liquid-gas separation | D85: =E85&IF(ISBLANK(F85),"",". "&F85) -> Separation of natural gas from a liquid phase at a surface separator to generate samples of both phases. | E85: Separation of natural gas from a liquid phase at a surface separator to generate samples of both phases. | G85: Geoscience Australia
A86: 51 | B86: secm:lysimeter | C86: Lysimeter water collection | D86: =E86&IF(ISBLANK(F86),"",". "&F86) -> A lysimeter is a container used to measure water movement in soil and the quality of water. They are used in hydrology and water quality research to study the natural environment and understand how water moves through soil. | E86: A lysimeter is a container used to measure water movement in soil and the quality of water. They are used in hydrology and water quality research to study the natural environment and understand how water moves through soil. | G86: https://www.sciencedirect.com/topics/agricultural-and-biological-sciences/lysimeters
A87: 134 | B87: secm:sm035 | C87: Manual grab | D87: =E87&IF(ISBLANK(F87),"",". "&F87) -> Material sample is obtained by picking up an object by hand | E87: Material sample is obtained by picking up an object by hand | G87: SESAR collection method
A88: 116 | B88: secm:sm017 | C88: Manual surface grab | D88: =E88&IF(ISBLANK(F88),"",". "&F88) -> Specimen obtained from loose material on surface e.g. from talus, colluvium, mine heap. | E88: Specimen obtained from loose material on surface e.g. from talus, colluvium, mine heap. | G88: this vocabulary
A89: 83 | B89: secm:ses222 | C89: Mechanical grab from surface | D89: =E89&IF(ISBLANK(F89),"",". "&F89) -> under water or atmosphere | E89: under water or atmosphere
A90: 84 | B90: secm:ses223 | C90: Menzie trawl | D90: =E90&IF(ISBLANK(F90),"",". "&F90)
A91: 52 | B91: secm:microanalyticsampling | C91: Microanalytic sampling | D91: =E91&IF(ISBLANK(F91),"",". "&F91) -> Sampling microscopic regions of a prepared sample by particle bombardment (electron, ion...) or with electromagneting beams (laser, x-ray...) | E91: Sampling microscopic regions of a prepared sample by particle bombardment (electron, ion...) or with electromagneting beams (laser, x-ray...) | G91: this vocabulary
A92: 85 | B92: secm:ses224 | C92: Micropillar sampling | D92: =E92&IF(ISBLANK(F92),"",". "&F92) -> focused ion beam (FIB) machining is used to fabricate nano to micron sized pillars of material for testing of mechanical properties. reported for samples of carrera marble by pskemer@wustl.edu, 45 samples. Interpret to mean the sample is the ion-milled micropillar. | E92: focused ion beam (FIB) machining is used to fabricate nano to micron sized pillars of material for testing of mechanical properties | F92: reported for samples of carrera marble by pskemer@wustl.edu, 45 samples. Interpret to mean the sample is the ion-milled micropillar. | G92: https://www.sciencedirect.com/topics/engineering/micropillar-compression
A93: 127 | B93: secm:sm028 | C93: Multi coring | D93: =E93&IF(ISBLANK(F93),"",". "&F93) -> sampling by pushing a device into seafloor sediments that extracts many tubular samples of sediment at once. The multicore has a cone-shaped aluminum frame. In the middle are eight plastic tubes. When the frame settles on the floor the center of the multicore slowly and evenly pushes the tubes into the sediment. The tubes are capped at the top and bottom and the multicore comes back to the surface with eight samples of sediment. | E93: sampling by pushing a device into seafloor sediments that extracts many tubular samples of sediment at once. The multicore has a cone-shaped aluminum frame. In the middle are eight plastic tubes. When the frame settles on the floor the center of the multicore slowly and evenly pushes the tubes into the sediment. The tubes are capped at the top and bottom and the multicore comes back to the surface with eight samples of sediment. | G93: SESAR collection method | http://polardiscovery.whoi.edu/expedition5/tools_multicore.html
A94: 86 | B94: secm:ses225 | C94: Niskin bottle | D94: =E94&IF(ISBLANK(F94),"",". "&F94) -> device used to collect water samples at different depths in the ocean. It consists of a PVC or metal cylinder with two or more hinged caps at either end that are remotely operated using a wire or cable. When the sampler is lowered into the ocean, the caps are opened at predetermined depths, allowing seawater to be trapped inside without contamination from the surrounding water. Surface water or seawater collection. | E94: device used to collect water samples at different depths in the ocean. It consists of a PVC or metal cylinder with two or more hinged caps at either end that are remotely operated using a wire or cable. When the sampler is lowered into the ocean, the caps are opened at predetermined depths, allowing seawater to be trapped inside without contamination from the surrounding water. Surface water or seawater collection. | G94: https://adkinstruments.in/index.php/categories/oceanography/niskin-water-sampler | Geoscience Australia
A95: 142 | B95: secm:sm044 | C95: Other sampling procedure | D95: =E95&IF(ISBLANK(F95),"",". "&F95) -> Specimen obtained using some mechnical process not identified in this vocabulary | E95: Specimen obtained using some mechnical process not identified in this vocabulary | G95: this vocabulary
A96: 53 | B96: secm:outcrop_sampling | C96: Outcrop sampling | D96: =E96&IF(ISBLANK(F96),"",". "&F96) -> Collection of material from a rock outcrop or subcrop at the ground surface, typically using a hammer, or feathers and wedges. | E96: Collection of material from a rock outcrop or subcrop at the ground surface, typically using a hammer, or feathers and wedges. | G96: Geoscience Australia
A97: 118 | B97: secm:sm019 | C97: Panned concentrate sampling | D97: =E97&IF(ISBLANK(F97),"",". "&F97) -> Use of a gold-miners pan to concentrate heavy minerals from a loose sediment (typcially stream sediment) sample | E97: Use of a gold-miners pan to concentrate heavy minerals from a loose sediment (typcially stream sediment) sample | G97: this vocabulary
A98: 54 | B98: secm:percussion_drilling | C98: Percussion drilling | D98: =E98&IF(ISBLANK(F98),"",". "&F98) -> Rock or sediment chips or fragments derived from a percussion (hammer) method. Include pneumatic drilling | E98: Rock or sediment chips or fragments derived from a percussion (hammer) method. Include pneumatic drilling | G98: Geoscience Australia
A99: 97 | B99: secm:sidewall_core_bullet | C99: Percussion sidewall coring | D99: =E99&IF(ISBLANK(F99),"",". "&F99) -> Percussion cores are taken by firing hollow bullets into the formation. The bullets are attached to the tool by fasteners, and are retrieved, along with the core inside, by pulling up the tool and the fasteners. Percussion coring tools typically hold 20 to 30 bullets, but two or three tools can be combined on one run in the hole. | E99: Percussion cores are taken by firing hollow bullets into the formation. The bullets are attached to the tool by fasteners, and are retrieved, along with the core inside, by pulling up the tool and the fasteners. Percussion coring tools typically hold 20 to 30 bullets, but two or three tools can be combined on one run in the hole. | G99: Geoscience Australia
A100: 55 | B100: secm:phlegercoring | C100: Phleger coring | D100: =E100&IF(ISBLANK(F100),"",". "&F100) -> Small coring device for use in shallow water, for cores <1 m in length, in sediment types ranging from soft to sandy, semi-compacted material, as well as peat and plant roots in shallow lakes or marshes | E100: Small coring device for use in shallow water, for cores <1 m in length, in sediment types ranging from soft to sandy, semi-compacted material, as well as peat and plant roots in shallow lakes or marshes | G100: https://archive.epa.gov/water/archive/polwaste/web/pdf/ch3.pdf
...

Sheet Sheet1
C1: =LEN(SamplingMethod!C1) -> 5 | D1: =LEN(SamplingMethod!D1) -> 11 | E1: =LEN(SamplingMethod!E1) -> 3 | F1: =LEN(SamplingMethod!F1) -> 4 | G1: =LEN(SamplingMethod!G1) -> 6
C2: =LEN(SamplingMethod!C2) -> 13 | D2: =LEN(SamplingMethod!D2) -> 182 | G2: =LEN(SamplingMethod!G2) -> 59
C3: =LEN(SamplingMethod!C3) -> 24 | D3: =LEN(SamplingMethod!D3) -> 77 | G3: =LEN(SamplingMethod!G3) -> 20
C4: =LEN(SamplingMethod!C4) -> 23 | D4: =LEN(SamplingMethod!D4) -> 97 | G4: =LEN(SamplingMethod!G4) -> 20
C5: =LEN(SamplingMethod!C5) -> 22 | D5: =LEN(SamplingMethod!D5) -> 45 | G5: =LEN(SamplingMethod!G5) -> 20
C6: =LEN(SamplingMethod!C6) -> 22 | D6: =LEN(SamplingMethod!D6) -> 54 | G6: =LEN(SamplingMethod!G6) -> 20
C7: =LEN(SamplingMethod!C7) -> 5 | D7: =LEN(SamplingMethod!D7) -> 147 | G7: =LEN(SamplingMethod!G7) -> 20
C8: =LEN(SamplingMethod!C8) -> 7 | D8: =LEN(SamplingMethod!D8) -> 0 | G8: =LEN(SamplingMethod!G8) -> 0
C9: =LEN(SamplingMethod!C9) -> 10 | D9: =LEN(SamplingMethod!D9) -> 136 | G9: =LEN(SamplingMethod!G9) -> 51
C10: =LEN(SamplingMethod!C10) -> 21 | D10: =LEN(SamplingMethod!D10) -> 514 | G10: =LEN(SamplingMethod!G10) -> 20
C11: =LEN(SamplingMethod!C11) -> 13 | D11: =LEN(SamplingMethod!D11) -> 143 | G11: =LEN(SamplingMethod!G11) -> 20
C12: =LEN(SamplingMethod!C12) -> 11 | D12: =LEN(SamplingMethod!D12) -> 0 | G12: =LEN(SamplingMethod!G12) -> 0
C13: =LEN(SamplingMethod!C13) -> 8 | D13: =LEN(SamplingMethod!D13) -> 170 | G13: =LEN(SamplingMethod!G13) -> 23
... C156: =LEN(SamplingMethod!C156) -> 10 | D156: =LEN(SamplingMethod!D156) -> 235 | G156: =LEN(SamplingMethod!G156) -> 137

Sheet SamplingMethod-wParent
A1: [s] | B1: label | C1: def | D1: note | E1: b | F1: blabel | G1: source
A2: secm:airfall_dust_collector | B2: Airfall dust collection | C2: Sample of fine-grained solid material that is passively collected by airfall from the atmosphere. | E2: secm:sm100 | F2: Sampling method | G2: Geoscience Australia
A3: secm:airlift | B3: Airlift water sampling | C3: Compressed air is used to extract groundwater | E3: secm:sm014 | F3: Water sampling | G3: Geoscience Australia
A4: secm:airlift | B4: Airlift water sampling | C4: Compressed air is used to extract groundwater | E4: secm:borehole_fluid_sampling | F4: Borehole fluid sampling | G4: Geoscience Australia
A5: secm:artesian_flow | B5: Artesian flow sampling | C5: Groundwater sample obtained from flowing artesian bore | E5: secm:sm014 | F5: Water sampling | G5: Geoscience Australia
A6: secm:artesian_flow | B6: Artesian flow sampling | C6: Groundwater sample obtained from flowing artesian bore | E6: secm:borehole_fluid_sampling | F6: Borehole fluid sampling | G6: Geoscience Australia
A7: secm:auger | B7: Auger | C7: Specimens collected by hand or mechanical auger which enable samples to be taken at intervals down profile. For example regolith, soil or sediment. | E7: secm:drilling | F7: Drilling | G7: Geoscience Australia
A8: secm:bailer | B8: Borehole bailer sampling | C8: Bailer is a hollow tube used to retrieve groundwater samples from monitoring wells. A bailer is tied to a piece of rope or wire and lowered into the water column to collect a sample. | E8: secm:borehole_fluid_sampling | F8: Borehole fluid sampling | G8: Geoscience Australia
A9: secm:bailer | B9: Borehole bailer sampling | C9: Bailer is a hollow tube used to retrieve groundwater samples from monitoring wells. A bailer is tied to a piece of rope or wire and lowered into the water column to collect a sample. | E9: secm:sm014 | F9: Water sampling | G9: Geoscience Australia
A10: secm:benthic_trawl | B10: Benthic trawl | C10: Seabed sampling taken over a small area seaward of the continental shelf. Sample of the upper few cm of rocky sea floor particularly for biota. | E10: secm:trawlsampling | F10: Trawl sampling | G10: Geoscience Australia
A11: secm:borehole_dst_test | B11: Borehole drill stem test | C11: A sample is collected during drilling by a test using a hydrostatic head to measure the formation pressures and to bring the formation fluids to the surface. The test can provide information for determination of potential petroleum producing formations and their exact depth. | E11: secm:borehole_fluid_sampling | F11: Borehole fluid sampling | G11: Geoscience Australia
A12: secm:borehole_fluid_sampling | B12: Borehole fluid sampling | C12: Sampling of fluids (oil, gas, or water) from a borehole by an unspecified method. | E12: secm:sm043 | F12: Fluid sampling | G12: Geoscience Australia
A13: secm:borehole_prod_test | B13: Borehole production test | C13: A borehole sampling test similar to DST test, but on a larger scale and under the production conditions after the well completion is conducted. | E13: secm:borehole_fluid_sampling | F13: Borehole fluid sampling | G13: Geoscience Australia
... A20: secm:bottle_incubation_light | B20: bottle incubation light | C20: A method to derive the oxygen consumption rate/respiration rates of organic matter conducted in a bottle or vial under controlled light and temperature conditions. | E20: secm:bottle_incubation | F20: bottle incubation | G20: Geoscience Australia
A21: secm:bottlesampling | B21: Container sampling | C21: Water is collected in a container that is opened to collect water at some specific depth in a water body. Includes Niskin bottles, bottles on Rosette samplers https://en.wikipedia.org/wiki/Rosette_sampler. Also bottled samples collected by simple bailer or scoop from water surface. If water is filtered or preserved use the water sampling -filtere or -preserved categories. | D21: include Hydrothermal Fluid and Particle Sampler (HFPS) collect fluids and particles, Using a 25-port valve and two pumps, fluids are pumped through a titanium intake nozzle, through a Teflon hose and custom titanium and Teflon manifold with 24 ports. The sampler has a capacity of 18 water samples (700ml each) and 6 in-situ filters. include _Titanium major water sampler_, another tool to sample high temperature water in submarine environment. Similar to a syringe, a trigger on the outside of the bottle can be pressed by the ROV pilot to release a spring that will draw fluid into the chamber. Approximately 750ml of fluid can be collected using the Major bottles. https://oceanexplorer.noaa.gov/explorations/05lostcity/logs/july28/july28.html | E21: secm:waterbodywatersampling | F21: Water body water sampling | G21: this vocabulary
A22: secm:bottlesampling | B22: Container sampling | C22: Water is collected in a container that is opened to collect water at some specific depth in a water body. Includes Niskin bottles, bottles on Rosette samplers https://en.wikipedia.org/wiki/Rosette_sampler. Also bottled samples collected by simple bailer or scoop from water surface. If water is filtered or preserved use the water sampling -filtere or -preserved categories. | D22: include Hydrothermal Fluid and Particle Sampler (HFPS) collect fluids and particles, Using a 25-port valve and two pumps, fluids are pumped through a titanium intake nozzle, through a Teflon hose and custom titanium and Teflon manifold with 24 ports. The sampler has a capacity of 18 water samples (700ml each) and 6 in-situ filters. include _Titanium major water sampler_, another tool to sample high temperature water in submarine environment. Similar to a syringe, a trigger on the outside of the bottle can be pressed by the ROV pilot to release a spring that will draw fluid into the chamber. Approximately 750ml of fluid can be collected using the Major bottles. https://oceanexplorer.noaa.gov/explorations/05lostcity/logs/july28/july28.html | E22: secm:sm014 | F22: Water sampling | G22: this vocabulary
A23: secm:cable_tool_drilling | B23: cable tool drilling | C23: A percussion drilling method that uses a heavy drilling tool that is raised and lowered with enough force to pulverise the rock, with the debris removed by a bailer. | E23: secm:percussion_drilling | F23: Percussion drilling | G23: National Groundwater Information System (NGIS)
A24: secm:chamber_incubation | B24: Chamber incubation | C24: A method that isolates sediment and overlying water in a benthic chamber. Water samples are collected from the benthic chamber during the incubation. | E24: secm:sm200 | F24: Sediment water incubation sampling | G24: Geoscience Australia
A25: secm:chamber_incubation_dark | B25: chamber incubation dark | C25: A in situ method that isolates sediment and overlying water in a dark benthic chamber. Incubation water samples are collected from the benthic chamber during the incubation. The dark chamber restricts light penetration and therefore stops the process of photosynthesis. This enables benthic respiration to be measured. | E25: secm:chamber_incubation | F25: Chamber incubation | G25: Geoscience Australia
A26: secm:chamber_incubation_light | B26: chamber incubation light | C26: A in situ method that isolates sediment and overlying water in a light benthic chamber. Incubation water samples are collected from the benthic chamber during the incubation. The transparent walls of the chamber allow light penetration and enables benthic respiration and photosynthesis to be measured. | E26: secm:chamber_incubation | F26: Chamber incubation | G26: Geoscience Australia
A27: secm:chemicalseparation | B27: Chemical separation | C27: sample collection by chemical processing of a sampled material | E27: secm:sm045 | F27: Processed separation | G27: this vocabulary
A28: secm:core_air | B28: Air cooled core drilling | C28: Rock or sediment core derived from a dry, air-cooled diamond drilling method. | E28: secm:core_drilling_unspecified | F28: Core drilling | G28: Geoscience Australia
A29: secm:core_catcher | B29: Core catcher | C29: A method by which a specimen of sediment is collected from the end of the core in the core catcher. The core catcher has curved finger-like projections that extend down to the lowest part of the core liner. The core catcher helps keep the sediment in the core liner when the core is being removed from the surface. | E29: secm:core_drilling_unspecified | F29: Core drilling | G29: Geoscience Australia
A30: secm:core_conventional | B30: core conventional | C30: Core drilling using diamond or tungsten carbide bit using a core barrel with fibreglass inner sleeves. Used in the oil industry. | E30: secm:core_diamond | F30: Diamond bit drill coring | G30: Geoscience Australia
A31: secm:core_cutter | B31: Core cutter | C31: A method by which a specimen of sediment is collected from the lowest part of a coring assembly at the core cutter. The core cutter has sharp edges which cut and shape the sediment entering the core liner as the corer goes into the sediment. | E31: secm:core_drilling_unspecified | F31: Core drilling | G31: Geoscience Australia
A32: secm:core_diamond | B32: Diamond bit drill coring | C32: Rock or sediment core drilling using a liquid-cooled, diamond or tungsten carbide bit. | E32: secm:core_drilling_unspecified | F32: Core drilling | G32: Geoscience Australia
A33: secm:core_drilling_unspecified | B33: Core drilling | C33: Sampling of a core of earth material by an unspecified drilling method | E33: secm:sm041 | F33: Coring | G33: Geoscience Australia
A34: secm:core_drilling_unspecified | B34: Core drilling | C34: Sampling of a core of earth material by an unspecified drilling method | E34: secm:sm041 | F34: Coring | G34: SESAR collection method
... A36: secm:core_drilling_unspecified | B36: Core drilling | C36: Sampling of a core of earth material by an unspecified drilling method | E36: secm:drilling | F36: Drilling | G36: SESAR collection method
A37: secm:core_geoprobe | B37: Geoprobe coring | C37: High quality core extracted by hydraulic power. Used in rough terrain, soft sand, mud, shallow water, or tight, congested areas. Long high quality cores. | D37: [Ed. note] Geoprobe is a company that makes a variety of drilling and coring equipment; just saying 'Geoprobe' isn't obviously communicating what drilling technology is intended. | E37: secm:sm005 | F37: Soft material coring | G37: https://geoprobe.com/tooling/rock-coring-wet-rotary-systems
A38: secm:core_geoprobe | B38: Geoprobe coring | C38: High quality core extracted by hydraulic power. Used in rough terrain, soft sand, mud, shallow water, or tight, congested areas. Long high quality cores. | D38: [Ed. note] Geoprobe is a company that makes a variety of drilling and coring equipment; just saying 'Geoprobe' isn't obviously communicating what drilling technology is intended. | E38: secm:sm005 | F38: Soft material coring | G38: Geoscience Australia
A39: secm:core_incubation_dark | B39: core incubation dark | C39: A method whereby a sediment core is collected along with overlying water. The sediment and water are incubated under no light and controlled temperature conditions. | E39: secm:sm200 | F39: Sediment water incubation sampling | G39: Geoscience Australia
A40: secm:core_incubation_light | B40: core incubation light | C40: A method whereby a sediment core is collected along with overlying water. The sediment and water are incubated under controlled light and temperature conditions. | E40: secm:sm200 | F40: Sediment water incubation sampling | G40: Geoscience Australia
A41: secm:core_mackereth | B41: core Mackereth | C41: The Mackereth is a complex coring system utilizing compressed gas to penetrate and recover single-drive moderate (up to 12 m) cores from lakes of diverse depths. Mackereth cores can be deployed on virutally any small craft and and can be used in water depths up to 80 m. | E41: secm:sm005 | F41: Soft material coring | G41: Geoscience Australia
A42: secm:core_press | B42: core press | C42: Pore water is extracted from core material under pressure. | E42: secm:sm014 | F42: Water sampling | G42: Geoscience Australia
A43: secm:core_push | B43: Push coring | C43: A pipe that is pushed into the sediment to gain a core that is no longer than 2m long. Core pipe has a valve on top that is used to create a vacuum at the top of the core when pulling the core out of the sediment. Can be operated by a human working on land, shallow water, or from a boat in shallow water with a pipe extension to reach the bottom. Can be operated mechanically from a submersible (HOV or ROV). | D43: a smaller hand-held device made up of a length of clear plastic tubing attached to a corer head and extension poles. In the marine environment, the push corer is lowered overboard and manually pushed into the sediment before a valve at the top of the core, is closed creating a vacuum. The core and barrel is then lifted out of the surrounding sediment and back to the surface. The operation is the same on land or in shallow waters where a boat is not required. https://www.ga.gov.au/scientific-topics/marine/survey-techniques/sedimentary-coring-drilling | E43: secm:sm005 | F43: Soft material coring | G43: Geoscience Australia
A44: secm:core_rov | B44: Coring from submersible | C44: A core produced by a drill mounted on a submersible vehicle, ROV, HOV. | E44: secm:core_drilling_unspecified | F44: Core drilling | G44: Geoscience Australia
A45: secm:core_sonic | B45: Sonic coring | C45: Similar to the vibro-core technique, the drill stem and barrel are vibrated vertically at frequencies between 50Hz and 180Hz such that the sampler barrel advances by slicing through the regolith. | E45: secm:sm031 | F45: Vibrator Coring | G45: https://www.frtr.gov/site/3_1_6.html
A46: secm:core_sonic | B46: Sonic coring | C46: Similar to the vibro-core technique, the drill stem and barrel are vibrated vertically at frequencies between 50Hz and 180Hz such that the sampler barrel advances by slicing through the regolith. | E46: secm:sm031 | F46: Vibrator Coring | G46: Geoscience Australia
A47: secm:core_spike | B47: core spike | C47: A core of surficial material taken by driving a spike into the ground. | E47: secm:sm005 | F47: Soft material coring | G47: Geoscience Australia
A48: secm:densityseparation | B48: Density separation | C48: isolation of a component of an agregate based on particle density, e.g. heavy liquid | E48: secm:sm045 | F48: Processed separation | G48: this vocabulary
A49: secm:diamantina_dredge | B49: dredge diamantina | C49: Used as a spot dredge to quickly ascertain sea bed geology. Samples give the seabed character unless it is deep when any mud is washed out during retrieval. In shallow water this dredge will return rock, mud, benthic samples and any thing else that is on the bottom. | E49: secm:sm033 | F49: Dredge sampling | G49: Geoscience Australia
A50: secm:drilling | B50: Drilling | C50: Sampling by a hole drilled into the Earth by any method | E50: secm:sm100 | F50: Sampling method | G50: Geoscience Australia
A51: secm:epibenthic_sled | B51: Benthic sled sampling | C51: A method designed to collect benthic and benthopelagic faunas from the deep sea. The sled is made from a steel frame consisting of two skids and stabilizing planes to keep it from sinking too deep into the mud. | D51: Sampling benthic flora and fauna using a device towed along the seafloor. The devices has have a secondary net to study plankton and can be fitted with video or stills cameras to monitor sampling in real time. https://www.ga.gov.au/scientific-topics/marine/survey-techniques/sedimentary-coring-drilling | E51: secm:waterbodysampling | F51: Water body survey sampling | G51: Geoscience Australia
A52: secm:field_mapping_observation | B52: Field mapping survey | C52: A mapping survey undertaken in a land environment. May include observations and/or sampling. | E52: secm:sm100 | F52: Sampling method | G52: Geoscience Australia
A53: secm:filtered_dust_collector | B53: Filtered dust collector | C53: Sample of fine-grained solid material that is actively collected from the atmosphere by pumping and filtration. | E53: secm:filtration | F53: Filtration residue sampling | G53: Geoscience Australia
A54: secm:filtration | B54: Filtration residue sampling | C54: Separation of undissolved sediment and biological particles collected from a water column by filtration. For total dissolved solids measurements the sample is filtered through a glass fibre filter under controlled conditions. The type of filter is dependent on the method used and the purpose of the determination. | E54: secm:sm100 | F54: Sampling method | G54: Geoscience Australia
A55: secm:freefallcoring | B55: Free fall coring | C55: collection of core with a tube that has an assembly with weights and fins, allowed to drop through the water column and penetrate water bottom sediment. | D55: see https://www.kc-denmark.dk/products/sediment-samplers/free-fall-corer.aspx. This device used in sandy sediment, core tube lengths to 2 m long | E55: secm:sm005 | F55: Soft material coring | G55: reported in SESAR data.
A56: secm:grab_eckman | B56: grab Eckman | C56: The Eckman Bottom Grab sampler is designed for sampling in soft bottomed lakes and rivers composed of muck, mud or fine peat | E56: secm:sm036 | F56: Sediment grab | G56: Geoscience Australia
A57: secm:grab_shipek | B57: grab Shipek | C57: When the grab touches the bottom, inertia from a self-contained weight releases a catch and helical springs rotate the inner half cylinder by 180°. After turning, the scoop remains closed by the residual torque of the scoop spring. Because the rotation of the bucket is extremely rapid, it cuts the sediment cleanly, particularly in soft clays, muds, silts & sands. After closing, the sample has optimum protection from washout during retrieval by the cylindrical design. https://www.wildco.com/how-does-the-shipek-grab-operate/, https://www.feritech.com/products/geotechnical/sea-floor-grabs/shipek-grab/ | D57: centre-pivot sampler is designed to sample unconsolidated sediments from soft ooze to hard-packed silts from deep lakes and near offshore. It brings up virtually undisturbed, unwashed samples to the surface from any depth. Its speciality is sampling benthic organisms living at or immediately below the water/bottom interface and sediment containing a significant population of non-sessile forms. https://envcoglobal.com/catalog/water/shipek-grab/ | E57: secm:sm036 | F57: Sediment grab | G57: Geoscience Australia
A58: secm:grab_smith_mcintyre | B58: Smith Mcintyre grab sampling | C58: Near surface sediment grab sample. Sample has a surface area of 0.1m2. It is useful for quantitative macrobenthos sampling in either shallow or deep water. | D58: two spring hinged jaws with triggers on either side of the grab frame. The jaws are 'locked' in place within the frame until two pads hit the seafloor allowing the spring-loaded jaws to snap shut and collect the sediment. The strong hinges aid penetration of dense sediment while the large jaws return a substantial volume of sediment. Access to the sediment is through flaps on the upper side. The Smith McIntyre grab is used to get a quick sample of the seafloor and is not designed to get an undistributed sample | E58: secm:sm039 | F58: Water body bottom grab | G58: https://www.ga.gov.au/scientific-topics/marine/survey-techniques/sedimentary-coring-drilling
A59: secm:grab_van_veen | B59: Van Veen grab sampling | C59: Quantitative sample of the sediment. Van Veen grab has long arms for levering the clam shell scoop. | D59: Two thin, hinged overlapping lids open while the equipment is descending which close on retrieval and are held shut by water pressure. The grab is triggered by a messenger weight dropped down the rope. Used for taking quantitative and qualitative samples of macroscopic benthic fauna. It can be used to determine the productivity of soft sediments, particularly those composed of finely divided muds, ooze, submerged marl and fine peaty materials. It is not recommended for rocky or sandy environments or where there is moderate benthic vegetation because small pebbles or vegetation stems can prevent proper jaw closure. https://www.ga.gov.au/scientific-topics/marine/survey-techniques/sedimentary-coring-drilling | E59: secm:sm036 | F59: Sediment grab | G59: Geoscience Australia
A60: secm:grainsize_separation | B60: Grain size separation | C60: Separation of various size fractions of mineral or rock particles from the original specimen. For example, by using a seive or particle settling. | E60: secm:sm045 | F60: Processed separation | G60: Geoscience Australia
A61: secm:in_situ_grab_sampler | B61: Point souce bailer sampling | C61: A point souce bailer that has a check valve at each end of the bailer allowing sample collection from a discrete depth | E61: secm:bailer | F61: Borehole bailer sampling | G61: Geoscience Australia
A62: secm:liquid-gas_separation | B62: Liquid-gas separation | C62: Separation of natural gas from a liquid phase at a surface separator to generate samples of both phases. | E62: secm:borehole_fluid_sampling | F62: Borehole fluid sampling | G62: Geoscience Australia
A63: secm:lysimeter | B63: Lysimeter water collection | C63: A lysimeter is a container used to measure water movement in soil and the quality of water. They are used in hydrology and water quality research to study the natural environment and understand how water moves through soil. | E63: secm:sm014 | F63: Water sampling | G63: https://www.sciencedirect.com/topics/agricultural-and-biological-sciences/lysimeters
A64: secm:microanalyticsampling | B64: Microanalytic sampling | C64: Sampling microscopic regions of a prepared sample by particle bombardment (electron, ion...) or with electromagneting beams (laser, x-ray...) | E64: secm:sm045 | F64: Processed separation | G64: this vocabulary
A65: secm:outcrop_sampling | B65: Outcrop sampling | C65: Collection of material from a rock outcrop or subcrop at the ground surface, typically using a hammer, or feathers and wedges. | E65: secm:surface_material_sampling | F65: Subaerial surface sampling | G65: Geoscience Australia
A66: secm:percussion_drilling | B66: Percussion drilling | C66: Rock or sediment chips or fragments derived from a percussion (hammer) method. Include pneumatic drilling | E66: secm:drilling | F66: Drilling | G66: Geoscience Australia
A67: secm:phlegercoring | B67: Phleger coring | C67: Small coring device for use in shallow water, for cores <1 m in length, in sediment types ranging from soft to sandy, semi-compacted material, as well as peat and plant roots in shallow lakes or marshes | E67: secm:sm005 | F67: Soft material coring | G67: https://archive.epa.gov/water/archive/polwaste/web/pdf/ch3.pdf
A68: secm:pipe_dredge | B68: dredge pipe | C68: Sampling of small fragments and mud from the sea floor, using a metal pipe linked to the tow cable. Total weight of the dredge is around 25kg. | E68: secm:sm033 | F68: Dredge sampling | G68: Geoscience Australia
A69: secm:pit_or_trench_sampling | B69: Pit or trench sampling | C69: Collection of materials, typically regolith, near the ground surface from a pit, trench, or costean dug by spade, backhoe, or other mechanical means (not drilling). | E69: secm:surface_material_sampling | F69: Subaerial surface sampling | G69: Geoscience Australia
A70: secm:pumpsampling | B70: Pump sampling | C70: Sampling a fluid using a pump to move fluid to the sample container | E70: secm:sm043 | F70: Fluid sampling | G70: SESAR sample descriptions
A71: secm:rab_drilling | B71: RAB drilling | C71: RAB, rotary air blast, or Down-the-hole drilling. Rock or sediment chips or fragments are derived from a percussion drilling method where the cuttings are blown up the outside of the rods and collected at surface, using air or a combination of air and foam lift the cuttings. | E71: secm:percussion_drilling | F71: Percussion drilling | G71: http://www.foragefte.com; http://www.masterdrilling.com
... A76: secm:ses200 | B76: Agassiz trawl | C76: Nets towed over the sea floor to sample species living on or near the bottom, with single rectangular mouth piece, a conical filtering net, and equipped with closing mouth mechanism. | E76: secm:trawlsampling | F76: Trawl sampling | G76: <http://vocab.nerc.ac.uk/collection/L22/current/TOOL0991/1>
A77: secm:ses201 | B77: Submersible grab | C77: Collect sample from an underwater vehicle, using mechanical arms on vehicle. | E77: secm:sm039 | F77: Water body bottom grab
A78: secm:ses202 | B78: Backhoe | E78: secm:sm047 | F78: Surface grab
A79: secm:ses203 | B79: Beam trawl | C79: Nets towed over the sea floor having the horizontal net opening provided by a wooden or metal beam that disrupts the surface of the bed. | E79: secm:trawlsampling | F79: Trawl sampling | G79: <http://vocab.nerc.ac.uk/collection/L05/current/62>
A80: secm:ses204 | B80: Blake trawl | E80: secm:trawlsampling | F80: Trawl sampling
A81: secm:ses205 | B81: Campbell grab sampling | C81: utilizes a pulley arrangement to gain extra purchase to activate a pair of jaws. Shepard (1973) reports that large Petersen grabs have been known to bring back undisturbed samples that still retain stratification characteristics. However, Schlieper (1972) points out that the tensile closing action from the attached hydrowire creates a secondary lifting force at the central axis that the two jaws pivot around, resulting in a shallower bite (5 centimeters (cm) or less), especially in firmer sediments. photo shows large jaw pincers, bigger that other grab samplers, dated 1963, so it is likely old technology no longer in use. | D81: photo shows large jaw pincers, bigger that other grab samplers, dated 1963, so it is likely old technology no longer in use. 'Campbell' grab is a large version of a Petersen grab. https://woodshole.er.usgs.gov/openfile/of2005-1001/htmldocs/samplers/grab/campbell.htm | E81: secm:sm039 | F81: Water body bottom grab | G81: PSEP, 1997. Recommended Guidelines for Sampling Marine Sediment, Water Column, and Tissue in Puget Sound.
A82: secm:ses206 | B82: Cartridge filter filtrate | C82: liquid that has been passed through a cartridge filter | E82: secm:sm023 | F82: Water sampling-filter
A83: secm:ses207 | B83: Cartridge filter residue | C83: material left behind when liquid passed throught cartridge filter | E83: secm:filtration | F83: Filtration residue sampling | G83: this vocabulary
A84: secm:ses208 | B84: Chain saw | C84: Sample extracted from feature of interest by cutting with a chain saw. | E84: secm:sm100 | F84: Sampling method | G84: SESAR data
A85: secm:ses210 | B85: Chip sampling | C85: sampling over an area of a feature off interest by breaking off small pieces; produces an aggregate | E85: secm:sm016 | F85: Collected from outcrop
A86: secm:ses212 | B86: Syringe sampling | C86: Sampling by using a tube with a plunger to pull material into a cylinder; used in soils, soft sediment, and fluids, commonly for analysis of volatiles. | E86: secm:ses233 | F86: Suction Sampler | G86: Based on web search for syringe sampling and inspection of SESAR records reporting methods with 'syringe' in the text. Examples from soil environmental sampling, sediment sampling, water sampling
A87: secm:ses213 | B87: Subaqueous organism trap | C87: Collection of sample using trap to collect organisms in water, e.g. crabs, bacteria. | D87: generalize from crap trap, mussel pot, bacteria trap, _trap_ found in SESAR data. | E87: secm:sm100 | F87: Sampling method | G87: this vocabulary
A88: secm:ses214 | B88: Gas tight bottle sampling | C88: Gas collection in a collection bottle that is sealed well enough to maintain the pressure of the original sample fluid; used to sample gasses from deep sea sources. Described technique uses flow-through gas sampling. | E88: secm:sm013 | F88: Gas sampling | G88: https://doi.org/10.1016/j.dsr.2020.103282
A89: secm:ses215 | B89: Ghostbuster fluid sampler | C89: Ghostbuster appears to be a device for in situ chemical measurements in a high temperature/pressure environment (e.g. sea floor black smoker), designed by Kang Ding/Bill Seyfried of UMN. The information found on the web doesn't indicate it returns material samples, just measurements. (https://www.marine-geo.org/services/vocab/vocab_device_type). https://gfd.whoi.edu/wp-content/uploads/sites/66/2023/08/at11-7-cruise_report.pdf. https://www.unols.org/sites/default/files/CA_InstrumentationManipulators.pdf | E89: secm:sm043 | F89: Fluid sampling
A90: secm:ses216 | B90: Hammer from outcrop | E90: secm:sm016 | F90: Collected from outcrop
A91: secm:ses217 | B91: Hand auger | E91: secm:auger | F91: Auger
A92: secm:ses218 | B92: Human grab from surface | C92: Sample collected by picking up some loose material from subaerial solid earth boundary surface | E92: secm:sm035 | F92: Manual grab
A93: secm:ses220 | B93: Trigger Coring | E93: secm:sm005 | F93: Soft material coring
A94: secm:ses221 | B94: Kasten Corer | C94: Large volume, reletatively undisturbed sediment core (~3m long) from a Kasten Corer. The corer is constructed of stainless steel and is square in cross-section. A weight of several hundred kilograms on top of the corer pushes it 2-3 metres into the seabed. It is designed for sedimentological and geochemical sampling of fine-grained sediments. This type of corer obtains relatively undisturbed cores and can preserve the sediment/water interface. This type of core is useful for determining sediment accumulation rates. | D94: A slight variation on the gravity corer is the Kasten corer. This uses a similar set up, but uses a sample tube manufactured from sheet metal of square cross section with sides approximately 150mm. No liner is used. A cutter section fitted to the end of the sample tube has two spring-loaded flaps that close when the corer is withdrawn from the sediment. The sample tube is designed to be split to gain access to the sample. https://noc.ac.uk/facilities/national-marine-equipment-pool/scientific-engineering/seafloor-sampling | E94: secm:sm005 | F94: Soft material coring | G94: Geoscience Australia
A95: secm:ses222 | B95: Mechanical grab from surface | C95: under water or atmosphere | E95: secm:sm047 | F95: Surface grab
A96: secm:ses223 | B96: Menzie trawl | E96: secm:trawlsampling | F96: Trawl sampling
A97: secm:ses224 | B97: Micropillar Sampling | C97: focused ion beam (FIB) machining is used to fabricate nano to micron sized pillars of material for testing of mechanical properties | D97: reported for samples of carrera marble by pskemer@wustl.edu, 45 samples. Interpret to mean the sample is the ion-milled micropillar. | E97: secm:sm100 | F97: Sampling method | G97: https://www.sciencedirect.com/topics/engineering/micropillar-compression
A98: secm:ses225 | B98: Niskin bottle | C98: device used to collect water samples at different depths in the ocean. It consists of a PVC or metal cylinder with two or more hinged caps at either end that are remotely operated using a wire or cable. When the sampler is lowered into the ocean, the caps are opened at predetermined depths, allowing seawater to be trapped inside without contamination from the surrounding water. | E98: secm:sm014 | F98: Water sampling | G98: https://adkinstruments.in/index.php/categories/oceanography/niskin-water-sampler
A99: secm:ses225 | B99: Niskin bottle | C99: device used to collect water samples at different depths in the ocean. It consists of a PVC or metal cylinder with two or more hinged caps at either end that are remotely operated using a wire or cable. When the sampler is lowered into the ocean, the caps are opened at predetermined depths, allowing seawater to be trapped inside without contamination from the surrounding water. | E99: secm:sm014 | F99: Water sampling | G99: Geoscience Australia
A100: secm:ses225 | B100: Niskin bottle | C100: device used to collect water samples at different depths in the ocean. It consists of a PVC or metal cylinder with two or more hinged caps at either end that are remotely operated using a wire or cable. When the sampler is lowered into the ocean, the caps are opened at predetermined depths, allowing seawater to be trapped inside without contamination from the surrounding water. | E100: secm:bottlesampling | F100: Container sampling | G100: https://adkinstruments.in/index.php/categories/oceanography/niskin-water-sampler
A101: secm:ses225 | B101: Niskin bottle | C101: device used to collect water samples at different depths in the ocean. It consists of a PVC or metal cylinder with two or more hinged caps at either end that are remotely operated using a wire or cable. When the sampler is lowered into the ocean, the caps are opened at predetermined depths, allowing seawater to be trapped inside without contamination from the surrounding water. | E101: secm:bottlesampling | F101: Container sampling | G101: Geoscience Australia
A102: secm:ses225 | B102: Niskin bottle | C102: Surface water/seawater collection. A device for collection of water samples from a specific depth in the water column. | E102: secm:sm014 | F102: Water sampling | G102: https://adkinstruments.in/index.php/categories/oceanography/niskin-water-sampler
A103: secm:ses225 | B103: Niskin bottle | C103: Surface water/seawater collection. A device for collection of water samples from a specific depth in the water column. | E103: secm:sm014 | F103: Water sampling | G103: Geoscience Australia
A104: secm:ses225 | B104: Niskin bottle | C104: Surface water/seawater collection. A device for collection of water samples from a specific depth in the water column. | E104: secm:bottlesampling | F104: Container sampling | G104: https://adkinstruments.in/index.php/categories/oceanography/niskin-water-sampler
A105: secm:ses225 | B105: Niskin bottle | C105: Surface water/seawater collection. A device for collection of water samples from a specific depth in the water column. | E105: secm:bottlesampling | F105: Container sampling | G105: Geoscience Australia
A106: secm:ses226 | B106: Pulverize | C106: reduce to powder | E106: secm:sm100 | F106: Sampling method
A107: secm:ses227 | B107: Scoop | C107: Interpret to mean collecting some amount of a liquid or fine-grained aggregate using a spoon-like instrument (scoop); size can range from milligram to kilogram mass. Metallurgy: _A shallow, spherical 1.25-inch diameter disc is sawed out of the feature of interest._ https://www.stress.com/services/materials-engineering/field-inspection-and-testing/non-destructive-scoop-sampling/. | E107: secm:sm100 | F107: Sampling method
A108: secm:ses228 | B108: Settlement Plate | C108: Plates designed to remain in an environment (typically subaqueous) to monitor biome development. DOI: 10.13140/RG.2.2.33138.71361. Also colonization substrate sampler collected in submarine exploration. | E108: secm:sm100 | F108: Sampling method
A109: secm:ses229 | B109: Shaker table | E109: secm:sm100 | F109: Sampling method
A110: secm:ses230 | B110: Shovel | E110: secm:surface_material_sampling | F110: Subaerial surface sampling
A111: secm:ses231 | B111: Sieved aggregate | C111: Sample of particular grain size particles using sieves. | E111: secm:grainsize_separation | F111: Grain size separation
...
