Workbook

Sheet vertical_ref_lookup
A1: vertical_spatial_ref | B1: spatial_ref_id | C1: uom | D1: label
A2: NULL | B2: -9999 | C2: NULL | D2: =IFERROR(INDEX(sesar_spatial_ref_vocab!$A$2:$B$41,MATCH(B2,sesar_spatial_ref_vocab!$A$2:$A$41,FALSE),2),"") -> spatial ref missing
A3: Unit in which the depth is provided, e.g., MBSF | B3: -9999 | C3: NULL | D3: =IFERROR(INDEX(sesar_spatial_ref_vocab!$A$2:$B$41,MATCH(B3,sesar_spatial_ref_vocab!$A$2:$A$41,FALSE),2),"") -> spatial ref missing
A4: N/A | B4: -9999 | C4: NULL | D4: =IFERROR(INDEX(sesar_spatial_ref_vocab!$A$2:$B$41,MATCH(B4,sesar_spatial_ref_vocab!$A$2:$A$41,FALSE),2),"") -> spatial ref missing
A5: mm | B5: 10 | C5: millimeter | D5: =IFERROR(INDEX(sesar_spatial_ref_vocab!$A$2:$B$41,MATCH(B5,sesar_spatial_ref_vocab!$A$2:$A$41,FALSE),2),"") -> below datum unknown, millimeters
A6: millimeters | B6: 10 | C6: millimeter | D6: =IFERROR(INDEX(sesar_spatial_ref_vocab!$A$2:$B$41,MATCH(B6,sesar_spatial_ref_vocab!$A$2:$A$41,FALSE),2),"") -> below datum unknown, millimeters
A7: metres above base of measured section | B7: 2 | C7: meter | D7: =IFERROR(INDEX(sesar_spatial_ref_vocab!$A$2:$B$41,MATCH(B7,sesar_spatial_ref_vocab!$A$2:$A$41,FALSE),2),"") -> above base of stratigraphic section, meters
A8: metres (according to published stratigraphic column) | B8: 1 | C8: meter | D8: =IFERROR(INDEX(sesar_spatial_ref_vocab!$A$2:$B$41,MATCH(B8,sesar_spatial_ref_vocab!$A$2:$A$41,FALSE),2),"") -> above base of published section, meters
A9: meters from base of section | B9: 2 | C9: meter | D9: =IFERROR(INDEX(sesar_spatial_ref_vocab!$A$2:$B$41,MATCH(B9,sesar_spatial_ref_vocab!$A$2:$A$41,FALSE),2),"") -> above base of stratigraphic section, meters
A10: meters down core | B10: 33 | C10: meter | D10: =IFERROR(INDEX(sesar_spatial_ref_vocab!$A$2:$B$41,MATCH(B10,sesar_spatial_ref_vocab!$A$2:$A$41,FALSE),2),"") -> below top of core, meters
A11: meters composite depth (MCD) | B11: 22 | C11: meter | D11: =IFERROR(INDEX(sesar_spatial_ref_vocab!$A$2:$B$41,MATCH(B11,sesar_spatial_ref_vocab!$A$2:$A$41,FALSE),2),"") -> below sea floor, composite, meters
A12: meters below surface | B12: 31 | C12: meter | D12: =IFERROR(INDEX(sesar_spatial_ref_vocab!$A$2:$B$41,MATCH(B12,sesar_spatial_ref_vocab!$A$2:$A$41,FALSE),2),"") -> below surface, meters
A13: meters below land surface | B13: 20 | C13: meter | D13: =IFERROR(INDEX(sesar_spatial_ref_vocab!$A$2:$B$41,MATCH(B13,sesar_spatial_ref_vocab!$A$2:$A$41,FALSE),2),"") -> below land surface, meters
... A67: centimeter | B67: 5 | C67: centimeter | D67: =IFERROR(INDEX(sesar_spatial_ref_vocab!$A$2:$B$41,MATCH(B67,sesar_spatial_ref_vocab!$A$2:$A$41,FALSE),2),"") -> below datum unknown, centimeters
A68: navd88 | B68: 40 | C68: meter | D68: North American Vertical Datum of 1988 (NAVD 88)
A69: aa | B69: -9999 | C69: NULL | D69: =IFERROR(INDEX(sesar_spatial_ref_vocab!$A$2:$B$41,MATCH(B69,sesar_spatial_ref_vocab!$A$2:$A$41,FALSE),2),"") -> spatial ref missing
A70: a | B70: -9999 | C70: NULL | D70: =IFERROR(INDEX(sesar_spatial_ref_vocab!$A$2:$B$41,MATCH(B70,sesar_spatial_ref_vocab!$A$2:$A$41,FALSE),2),"") -> spatial ref missing
A71: 9045 | B71: -9999 | C71: NULL | D71: =IFERROR(INDEX(sesar_spatial_ref_vocab!$A$2:$B$41,MATCH(B71,sesar_spatial_ref_vocab!$A$2:$A$41,FALSE),2),"") -> spatial ref missing
A72: 81.4 | B72: -9999 | C72: NULL | D72: =IFERROR(INDEX(sesar_spatial_ref_vocab!$A$2:$B$41,MATCH(B72,sesar_spatial_ref_vocab!$A$2:$A$41,FALSE),2),"") -> spatial ref missing
A73: 74.1 | B73: -9999 | C73: NULL | D73: =IFERROR(INDEX(sesar_spatial_ref_vocab!$A$2:$B$41,MATCH(B73,sesar_spatial_ref_vocab!$A$2:$A$41,FALSE),2),"") -> spatial ref missing
A74: 27 | B74: -9999 | C74: NULL | D74: =IFERROR(INDEX(sesar_spatial_ref_vocab!$A$2:$B$41,MATCH(B74,sesar_spatial_ref_vocab!$A$2:$A$41,FALSE),2),"") -> spatial ref missing
A75: 147.5 | B75: -9999 | C75: NULL | D75: =IFERROR(INDEX(sesar_spatial_ref_vocab!$A$2:$B$41,MATCH(B75,sesar_spatial_ref_vocab!$A$2:$A$41,FALSE),2),"") -> spatial ref missing
A76: 126.2 | B76: -9999 | C76: NULL | D76: =IFERROR(INDEX(sesar_spatial_ref_vocab!$A$2:$B$41,MATCH(B76,sesar_spatial_ref_vocab!$A$2:$A$41,FALSE),2),"") -> spatial ref missing
A77: 125.6 | B77: -9999 | C77: NULL | D77: =IFERROR(INDEX(sesar_spatial_ref_vocab!$A$2:$B$41,MATCH(B77,sesar_spatial_ref_vocab!$A$2:$A$41,FALSE),2),"") -> spatial ref missing
A78: 123.4 | B78: -9999 | C78: NULL | D78: =IFERROR(INDEX(sesar_spatial_ref_vocab!$A$2:$B$41,MATCH(B78,sesar_spatial_ref_vocab!$A$2:$A$41,FALSE),2),"") -> spatial ref missing
A79: 12.4 | B79: -9999 | C79: NULL | D79: =IFERROR(INDEX(sesar_spatial_ref_vocab!$A$2:$B$41,MATCH(B79,sesar_spatial_ref_vocab!$A$2:$A$41,FALSE),2),"") -> spatial ref missing
A80: 113.4 | B80: -9999 | C80: NULL | D80: =IFERROR(INDEX(sesar_spatial_ref_vocab!$A$2:$B$41,MATCH(B80,sesar_spatial_ref_vocab!$A$2:$A$41,FALSE),2),"") -> spatial ref missing
A81: 105.2 | B81: -9999 | C81: NULL | D81: =IFERROR(INDEX(sesar_spatial_ref_vocab!$A$2:$B$41,MATCH(B81,sesar_spatial_ref_vocab!$A$2:$A$41,FALSE),2),"") -> spatial ref missing
A82: EPSG:5714 MSL height meters | B82: 39 | C82: meter | D82: EPSG:5714 MSL height meters
A83: EPSG:5714 | B83: 39 | C83: meter | D83: EPSG:5714 MSL height meters
A84: MSL | B84: 39 | C84: meter | D84: EPSG:5714 MSL height meters

Sheet sesar_spatial_ref_vocab
A1: spatial_ref_id | B1: name | C1: description | D1: identifier
A2: 1 | B2: above base of published section, meters | C2: relative to stratigraphic section, relation to horizontal datum unknown. Positive up.
A3: 2 | B3: above base of stratigraphic section, meters | C3: relative to stratigraphic section, relation to horizontal datum unknown. Positive up.
A4: 3 | B4: above land surface, centimeters | C4: elevation, positive up. Used for samples of organic material lying on ground surface. Positive up.
A5: 4 | B5: below borehole collar, along well bore, feet | C5: Measured depth (MD) is the distance measured in feet or meters along a well's path from a reference point to a survey point. Relationship to elevation depends on borehole geometry. Positive away from borehole collar.
A6: 5 | B6: below datum unknown, centimeters | C6: depth, positive down
A7: 6 | B7: below datum unknown, feet | C7: depth, positive down
A8: 7 | B8: below datum unknown, inches | C8: depth, positive down
A9: 8 | B9: below datum unknown, meters | C9: depth, positive down
A10: 9 | B10: below datum unknown, meters | C10: depth, positive down
A11: 10 | B11: below datum unknown, millimeters | C11: depth, positive down
A12: 11 | B12: below datum unknown, bct, centimeters | C12: depth; can't tell what bct is. Assume positive down.
A13: 12 | B13: below derrick floor, feet | C13: depth, positive down
... A27: 26 | B27: below sea floor, meters | C27: Depth, based on the length the drill string is advanced on a core-by-core basis and is often inaccurate because of ship heave (which is not compensated for in APC coring), tidal variations in sea level, and other sources of error. Positive down.
A28: 27 | B28: below sea level, meters | C28: Depth EPSG:5715. Positive down. | D28: https://epsg.io/5715
A29: 28 | B29: below surface, centimeters | C29: Depth; usage at https://bsp.guam.gov/wp-bsp-content/uploads/2020/04/FC2020-0003-02072020-GWA-NGLA-Monitoring-System-Expansion-and-Rehab-Project.pdf. Positive Down.
A30: 29 | B30: below surface, centimeters | C30: depth, positive down
A31: 30 | B31: below surface, feet | C31: depth, positive down
A32: 31 | B32: below surface, meters | C32: depth, positive down
A33: 32 | B33: below top of core, centimeters | C33: depth relative to core, elevation depends on core orientation, positive down
A34: 33 | B34: below top of core, meters | C34: depth relative to core, elevation depends on core orientation, positive down
A35: 34 | B35: below water bottom, centimeters | C35: depth. Water body might be river, stream, lake, or ocean, etc., positive down
A36: 35 | B36: corrected composite depth, meters | C36: Depth; corrected meters composite depth, produced by dividing mcd (meters composite depth) by GF (calculated by fitting a line to mbsf versus mcd) over a sufficiently long interval so that random variations in drill pipe advance due to ship heave, tides, and other factors are negligible. http://publications.iodp.org/proceedings/303_306/102/102_5.htm., positive down
A37: -9999 | B37: spatial ref missing
A38: 37 | B38: above datum unknown, meters | C38: elevation; the horizontal datum not specified. Positive up.
A39: 38 | B39: above datum unknown, feet | C39: elevation; the horizontal datum not specified. Positive up.
A40: 39 | B40: above mean sea level, meters | C40: EPSG:5714 MSL height meters | D40: https://epsg.io/5714
A41: 40 | B41: North American Vertical Datum of 1988 (NAVD 88) | C41: Coordinate system: Vertical CS. Axis: depth (D). Orientation: down. UoM: meter. NAVD88. Datum is height of the primary tidal bench mark, referenced to the new International Great Lakes Datum of 1985 local mean sea level height value, at Father Point/Rimouski, Quebec, Canada. North American Vertical Datum of 1988 (NAVD 88) consists of a leveling network on the North American Continent, ranging from Alaska, through Canada, across the United States, affixed to a single origin point on the continent. (https://www.ngs.noaa.gov/datums/vertical/north-american-vertical-datum-1988.shtml) | D41: https://epsg.io/6357
