Workbook

Sheet initiativeVocab
A1: initiative_id | B1: label | C1: count | D1: platform_name_verbatim | E1: platform_name_label | F1: start | G1: end | H1: notes | I1: uri | J1: initiative_type
A2: -9999 | B2: check
A3: 2 | B3: 01/01/04n/r | C3: =COUNTIF($B$3:$B$4219,B3) -> 1 | F3: 37986.708 | G3: 37986.708 | H3: 3 samples, small craft, lake and terrestrial
A4: 3 | B4: 1000 Soils Pilot | C4: =COUNTIF($B$3:$B$4219,B4) -> 1 | E4: Unknown | F4: 44458.875 | G4: 44595.917 | J4: Soil Sampling
A5: 4 | B5: 17ARC | C5: =COUNTIF($B$3:$B$4219,B5) -> 1 | F5: 42586.875 | G5: 42961.875
A6: 5 | B6: 1880-05-12 | C6: =COUNTIF($B$3:$B$4219,B6) -> 1 | F6: NULL | G6: NULL
A7: 6 | B7: 1979 Field Work | C7: =COUNTIF($B$3:$B$4219,B7) -> 1 | E7: N.A. | F7: 29036.875 | G7: 29036.875 | J7: Field campaign
A8: 7 | B8: 1986 SEA CLIFF dive program (Escanaba Trough) | C8: =COUNTIF($B$3:$B$4219,B8) -> 1 | F8: NULL | G8: NULL
A9: 8 | B9: 1994 NOAA cruise | C9: =COUNTIF($B$3:$B$4219,B9) -> 1 | F9: NULL | G9: NULL
A10: 9 | B10: 19OCS | C10: =COUNTIF($B$3:$B$4219,B10) -> 1 | D10: R/V APALACHEE | E10: R/V APALACHEE | F10: 43741.875 | G10: 43741.875
A11: 10 | B11: 2004 MARGINS | C11: =COUNTIF($B$3:$B$4219,B11) -> 1 | F11: 38091.875 | G11: 38099.875
A12: 11 | B12: 2005 MARGINS | C12: =COUNTIF($B$3:$B$4219,B12) -> 1 | F12: 38095.875 | G12: 38095.875
A13: 12 | B13: 2006 MARGINS | C13: =COUNTIF($B$3:$B$4219,B13) -> 1 | F13: 38095.875 | G13: 38095.875
A14: 13 | B14: 2007 MARGINS | C14: =COUNTIF($B$3:$B$4219,B14) -> 1 | F14: 38095.875 | G14: 38095.875
A15: 14 | B15: 2008 MARGINS | C15: =COUNTIF($B$3:$B$4219,B15) -> 1 | F15: 38095.875 | G15: 38095.875
A16: 15 | B16: 2009 MARGINS | C16: =COUNTIF($B$3:$B$4219,B16) -> 1 | F16: 38095.875 | G16: 38095.875
A17: 16 | B17: 2009 Northern Expedition | C17: =COUNTIF($B$3:$B$4219,B17) -> 1 | D17: R/V Western Flyer | E17: R/V Western Flyer | F17: 40044.558 | G17: 40056.881
A18: 17 | B18: 2012 Field Campaign | C18: =COUNTIF($B$3:$B$4219,B18) -> 1 | E18: N.A. | F18: 40768.708 | G18: 40768.708 | J18: Field campaign
A19: 18 | B19: 2013 Himalaya Fieldwork | C19: =COUNTIF($B$3:$B$4219,B19) -> 1 | E19: N.A. | F19: 41281.917 | G19: 41281.917 | J19: Field campaign
A20: 19 | B20: 2013 summer field season | C20: =COUNTIF($B$3:$B$4219,B20) -> 1 | E20: N.A. | F20: 41455.875 | G20: 41455.875 | J20: Field campaign
A21: 20 | B21: 2013, 2014 summer field campaign | C21: =COUNTIF($B$3:$B$4219,B21) -> 1 | E21: N.A. | F21: 41274.917 | G21: 41274.917 | J21: Field campaign
A22: 21 | B22: 2014 Field Season | C22: =COUNTIF($B$3:$B$4219,B22) -> 1 | E22: N.A. | F22: 41723.875 | G22: 41723.875 | J22: Field campaign
A23: 22 | B23: 2015 Himalaya Fieldwork | C23: =COUNTIF($B$3:$B$4219,B23) -> 1 | E23: N.A. | F23: 42316.917 | G23: 42318.917 | J23: Field campaign
A24: 23 | B24: 2018 Arbuckle Mountains Fieldwork | C24: =COUNTIF($B$3:$B$4219,B24) -> 1 | E24: N.A. | F24: 43244.875 | G24: 43254.875 | J24: Field campaign
A25: 24 | B25: 2018 Himalaya Fieldwork | C25: =COUNTIF($B$3:$B$4219,B25) -> 1 | E25: N.A. | F25: 43110.917 | G25: 43110.917 | J25: Field campaign
A26: 25 | B26: 2019 STATEMAP | C26: =COUNTIF($B$3:$B$4219,B26) -> 1 | E26: N.A. | F26: NULL | G26: NULL | J26: Field campaign
A27: 26 | B27: 2020 Himalaya Fieldwork | C27: =COUNTIF($B$3:$B$4219,B27) -> 1 | E27: N.A. | F27: 43843.917 | G27: 43844.917 | J27: Field campaign
A28: 27 | B28: 2023 Aboveground Productivity Net Primary Production | C28: =COUNTIF($B$3:$B$4219,B28) -> 1 | D28: 4 | E28: platform 04 | F28: 45138.875 | G28: 45138.875 | H28: platforms 04 to 21
A29: 28 | B29: 2023 Grenville orogen | C29: =COUNTIF($B$3:$B$4219,B29) -> 1 | E29: Unknown | F29: 45134.875 | G29: 45143.875
A30: 29 | B30: 2024 JULY ALPI ORIENTALI | C30: =COUNTIF($B$3:$B$4219,B30) -> 1 | F30: 45479.342 | G30: 45480.301
A31: 30 | B31: 20XRZC | C31: =COUNTIF($B$3:$B$4219,B31) -> 1 | F31: NULL | G31: NULL
A32: 31 | B32: 21WL | C32: =COUNTIF($B$3:$B$4219,B32) -> 1 | F32: NULL | G32: NULL
A33: 32 | B33: 2PI | C33: =COUNTIF($B$3:$B$4219,B33) -> 1 | D33: R/V Akademik Boris Petrov | E33: R/V Akademik Boris Petrov | F33: 31047.917 | G33: 31047.917
A34: 33 | B34: 3RPD | C34: =COUNTIF($B$3:$B$4219,B34) -> 1 | F34: 42743.917 | G34: 42743.917
A35: 34 | B35: 40th Parallel Survey | C35: =COUNTIF($B$3:$B$4219,B35) -> 1 | F35: NULL | G35: NULL
A36: 35 | B36: 7TOW04WT | C36: =COUNTIF($B$3:$B$4219,B36) -> 1 | D36: T. Washington | E36: R/V Thomas Washington | F36: NULL | G36: NULL
A37: 36 | B37: 7TOW05WT | C37: =COUNTIF($B$3:$B$4219,B37) -> 1 | D37: T. Washington | E37: R/V Thomas Washington | F37: NULL | G37: NULL
A38: 37 | B38: 7TOW06WT | C38: =COUNTIF($B$3:$B$4219,B38) -> 1 | D38: T. Washington | E38: R/V Thomas Washington | F38: NULL | G38: NULL
A39: 38 | B39: 91-AV-19/2 | C39: =COUNTIF($B$3:$B$4219,B39) -> 1 | D39: Aleksandr Vinogradov | E39: Akademik Aleksandr Vinogradov | F39: NULL | G39: NULL
A40: 39 | B40: A150 | C40: =COUNTIF($B$3:$B$4219,B40) -> 1 | D40: Atlantis | E40: Atlantis? | F40: NULL | G40: NULL | H40: can't tell what this is supposd to be
A41: 40 | B41: AAFBLP | C41: =COUNTIF($B$3:$B$4219,B41) -> 1 | F41: 39081.917 | G41: 39081.917
A42: 41 | B42: AAR | C42: =COUNTIF($B$3:$B$4219,B42) -> 1 | F42: 41855.875 | G42: 41907.875
A43: 42 | B43: ABBA | C43: =COUNTIF($B$3:$B$4219,B43) -> 1 | F43: 36524.917 | G43: 36890.917
A44: 43 | B44: AB-F2001-042 | C44: =COUNTIF($B$3:$B$4219,B44) -> 1 | D44: R/V Akademik | E44: R/V Akademik | F44: 37118.875 | G44: 37129.875 | H44: missing full name of ship…
A45: 44 | B45: ABP0002 | C45: =COUNTIF($B$3:$B$4219,B45) -> 1 | D45: Akademik Boris Petrov | E45: R/V Akademik Boris Petrov | F45: NULL | G45: NULL
A46: 45 | B46: ABP1985 | C46: =COUNTIF($B$3:$B$4219,B46) -> 1 | D46: Akademik Boris Petrov | E46: R/V Akademik Boris Petrov | F46: NULL | G46: NULL
A47: 46 | B47: ABS | C47: =COUNTIF($B$3:$B$4219,B47) -> 1 | F47: 39864.917 | G47: 39865.917
A48: 47 | B48: AC97 | C48: =COUNTIF($B$3:$B$4219,B48) -> 1 | D48: New York Bight | E48: New York Bight | F48: 35661.875 | G48: 37148.875
A49: 48 | B49: AccueilDoc CMIRA A, Fuchs28/01/14 | C49: =COUNTIF($B$3:$B$4219,B49) -> 1 | F49: 41666.708 | G49: 41666.708
A50: 49 | B50: ACE | C50: =COUNTIF($B$3:$B$4219,B50) -> 1 | F50: NULL | G50: NULL
A51: 50 | B51: ACOW | C51: =COUNTIF($B$3:$B$4219,B51) -> 1 | F51: 40617.875 | G51: 41704.917
A52: 51 | B52: ADAK | C52: =COUNTIF($B$3:$B$4219,B52) -> 1 | F52: 39994.875 | G52: 40359.875
A53: 52 | B53: ADDAL10/12/13 | C53: =COUNTIF($B$3:$B$4219,B53) -> 1 | F53: 41617.708 | G53: 41617.708
A54: 53 | B54: ADDAL-Fevrier 2014 | C54: =COUNTIF($B$3:$B$4219,B54) -> 1 | F54: 41681.708 | G54: 41681.708
A55: 54 | B55: ADDAL-Janv 2014 | C55: =COUNTIF($B$3:$B$4219,B55) -> 1 | F55: 41653.708 | G55: 41653.708
A56: 55 | B56: ADI | C56: =COUNTIF($B$3:$B$4219,B56) -> 1 | F56: 36159.917 | G56: 36159.917
A57: 56 | B57: AEG01 | C57: =COUNTIF($B$3:$B$4219,B57) -> 1 | D57: R/V Aegaeo | E57: R/V Aegaeo | F57: 38836.875 | G57: 38843.875
A58: 57 | B58: AG32 | C58: =COUNTIF($B$3:$B$4219,B58) -> 1 | D58: Agulhas | E58: R/V Agulhas | F58: NULL | G58: NULL
A59: 58 | B59: AG69 | C59: =COUNTIF($B$3:$B$4219,B59) -> 1 | D59: Melville | E59: R/V Melville | F59: NULL | G59: NULL
A60: 59 | B60: AGESS 2021 | C60: =COUNTIF($B$3:$B$4219,B60) -> 1 | F60: 44380.875 | G60: 44726.875
A61: 60 | B61: AGH | C61: =COUNTIF($B$3:$B$4219,B61) -> 1 | F61: NULL | G61: NULL
A62: 61 | B62: AguaCal22 | C62: =COUNTIF($B$3:$B$4219,B62) -> 1 | F62: 44673.875 | G62: 44704.875
A63: 62 | B63: AguaCal23 | C63: =COUNTIF($B$3:$B$4219,B63) -> 1 | F63: 44705.875 | G63: 44705.875
A64: 63 | B64: AguaCal24 | C64: =COUNTIF($B$3:$B$4219,B64) -> 1 | F64: 44704.875 | G64: 44704.875
A65: 64 | B65: AguaCal25 | C65: =COUNTIF($B$3:$B$4219,B65) -> 1 | F65: 44699.875 | G65: 44699.875
A66: 65 | B66: AguaCal26 | C66: =COUNTIF($B$3:$B$4219,B66) -> 1 | F66: 44699.875 | G66: 44699.875
A67: 66 | B67: AguaCal27 | C67: =COUNTIF($B$3:$B$4219,B67) -> 1 | F67: 44699.875 | G67: 44699.875
A68: 67 | B68: AguaCal28 | C68: =COUNTIF($B$3:$B$4219,B68) -> 1 | F68: 44699.875 | G68: 44699.875
A69: 68 | B69: AguaCal29 | C69: =COUNTIF($B$3:$B$4219,B69) -> 1 | F69: 44710.875 | G69: 44710.875
A70: 69 | B70: AguaCal30 | C70: =COUNTIF($B$3:$B$4219,B70) -> 1 | F70: 44701.875 | G70: 44701.875
A71: 70 | B71: AguaCal31 | C71: =COUNTIF($B$3:$B$4219,B71) -> 1 | F71: 44702.875 | G71: 44702.875
A72: 71 | B72: AguaCal32 | C72: =COUNTIF($B$3:$B$4219,B72) -> 1 | F72: 44703.875 | G72: 44703.875
A73: 72 | B73: AguaCal33 | C73: =COUNTIF($B$3:$B$4219,B73) -> 1 | F73: 44700.875 | G73: 44700.875
... A88: 87 | B88: AK | C88: =COUNTIF($B$3:$B$4219,B88) -> 1 | F88: 39081.917 | G88: 39081.917
A89: 88 | B89: AK15 | C89: =COUNTIF($B$3:$B$4219,B89) -> 1 | D89: Akademik Kurchatov | E89: R/V Akademik Kurchatov | F89: 26860.875 | G89: 26909.875
A90: 89 | B90: AKA | C90: =COUNTIF($B$3:$B$4219,B90) -> 1 | F90: 40259.875 | G90: 40359.875
A91: 90 | B91: AKAD09 | C91: =COUNTIF($B$3:$B$4219,B91) -> 1 | F91: NULL | G91: NULL
A92: 91 | B92: AKAD11 | C92: =COUNTIF($B$3:$B$4219,B92) -> 1 | F92: 40720.875 | G92: 40720.875
A93: 92 | B93: AKW | C93: =COUNTIF($B$3:$B$4219,B93) -> 1 | F93: NULL | G93: NULL
A94: 93 | B94: AL150801 | C94: =COUNTIF($B$3:$B$4219,B94) -> 1 | D94: M/V Alucia | E94: M/V Alucia | F94: 42226.344 | G94: 42243.496
A95: 94 | B95: AL18-4 | C95: =COUNTIF($B$3:$B$4219,B95) -> 1 | D95: Albatross | E95: Albatross | F95: 25181.917 | G95: 25549.917
A96: 95 | B96: AL4 | C96: =COUNTIF($B$3:$B$4219,B96) -> 1 | D96: Alaminos | E96: Alaminos | F96: 23462.917 | G96: 23474.917
A97: 96 | B97: ALAR02RR | C97: =COUNTIF($B$3:$B$4219,B97) -> 1 | D97: Roger Revelle | E97: R/V Roger Revelle | F97: NULL | G97: NULL
A98: 97 | B98: ALB43 | C98: =COUNTIF($B$3:$B$4219,B98) -> 1 | D98: Albatross | E98: Albatross III | F98: 18993.917 | G98: 18993.917 | H98: guess is Albatross III based on date
A99: 98 | B99: ALCOVE | C99: =COUNTIF($B$3:$B$4219,B99) -> 1 | F99: 39491.917 | G99: 40596.917
A100: 99 | B100: ALCY01MV | C100: =COUNTIF($B$3:$B$4219,B100) -> 1 | D100: Melville | E100: R/V Melville | F100: NULL | G100: NULL
A101: 100 | B101: ALE | C101: =COUNTIF($B$3:$B$4219,B101) -> 1 | F101: 35979.875 | G101: 35990.875
A102: 101 | B102: ALIENOR 1 | C102: =COUNTIF($B$3:$B$4219,B102) -> 1 | F102: 38096.208 | G102: 38144.708
A103: 102 | B103: ALIENOR 2 | C103: =COUNTIF($B$3:$B$4219,B103) -> 1 | F103: 38155.708 | G103: 38155.708
A104: 103 | B104: ALK | C104: =COUNTIF($B$3:$B$4219,B104) -> 1 | F104: 42216.875 | G104: 42227.875
A105: 104 | B105: ALMP | C105: =COUNTIF($B$3:$B$4219,B105) -> 1 | F105: 40177.917 | G105: 40451.875
A106: 105 | B106: Alps 2011 | C106: =COUNTIF($B$3:$B$4219,B106) -> 1 | F106: 40777.875 | G106: 40785.875
A107: 106 | B107: Alps 2013 | C107: =COUNTIF($B$3:$B$4219,B107) -> 1 | F107: 41501.875 | G107: 41508.875
A108: 107 | B108: Alps 2015 | C108: =COUNTIF($B$3:$B$4219,B108) -> 1 | F108: 42219.875 | G108: 42237.875
A109: 108 | B109: Alvin:0338 | C109: =COUNTIF($B$3:$B$4219,B109) -> 1 | D109: Alvin | E109: Alvin | F109: 26131.875 | G109: 26131.875
A110: 109 | B110: Alvin:0340 | C110: =COUNTIF($B$3:$B$4219,B110) -> 1 | D110: Alvin | E110: Alvin | F110: 26133.875 | G110: 26133.875
A111: 110 | B111: Alvin:0342 | C111: =COUNTIF($B$3:$B$4219,B111) -> 1 | D111: Alvin | E111: Alvin | F111: 26135.875 | G111: 26135.875
A112: 111 | B112: Alvin:0349 | C112: =COUNTIF($B$3:$B$4219,B112) -> 1 | D112: Alvin | E112: Alvin | F112: 26180.875 | G112: 26180.875
A113: 112 | B113: Alvin:0371 | C113: =COUNTIF($B$3:$B$4219,B113) -> 1 | D113: Alvin | E113: Alvin | F113: 26248.917 | G113: 26248.917
A114: 113 | B114: Alvin:0374 | C114: =COUNTIF($B$3:$B$4219,B114) -> 1 | D114: Alvin | E114: Alvin | F114: 26252.917 | G114: 26252.917
...

Sheet initiativeLookup
A1: cruise_field_prgrm_verbatim | B1: label | C1: initiative_id | D1: platform_name_verbatim | E1: platform_name_label | F1: start | G1: end | H1: notes | I1: uri | J1: initiative_type
A2: 1 | B2: ="cruise or field program " & TEXT(A2,"00") -> cruise or field program 01 | C2: 912 | F2: 33602.917 | G2: 33602.917
A3: 2 | B3: ="cruise or field program " & TEXT(A3,"00") -> cruise or field program 02 | C3: 913 | F3: 34817.875 | G3: 36159.917
A4: 3 | B4: ="cruise or field program " & TEXT(A4,"00") -> cruise or field program 03 | C4: 914 | F4: 37089.875 | G4: 37090.875
A5: 4 | B5: ="cruise or field program " & TEXT(A5,"00") -> cruise or field program 04 | C5: 915 | F5: 37255.917 | G5: 37255.917
A6: 5 | B6: ="cruise or field program " & TEXT(A6,"00") -> cruise or field program 05 | C6: 916 | F6: 34726.917 | G6: 34727.917
A7: 7 | B7: ="cruise or field program " & TEXT(A7,"00") -> cruise or field program 07 | C7: 917 | F7: 31776.917 | G7: 31776.917
A8: 8 | B8: ="cruise or field program " & TEXT(A8,"00") -> cruise or field program 08 | C8: 918 | F8: NULL | G8: NULL
A9: 9 | B9: ="cruise or field program " & TEXT(A9,"00") -> cruise or field program 09 | C9: 919 | F9: 29585.917 | G9: 33602.917
A10: 10 | B10: ="cruise or field program " & TEXT(A10,"00") -> cruise or field program 10 | C10: 920 | F10: 35854.917 | G10: 35854.917
A11: 12 | B11: ="cruise or field program " & TEXT(A11,"00") -> cruise or field program 12 | C11: 922 | F11: 37620.917 | G11: 37620.917
A12: 13 | B12: ="cruise or field program " & TEXT(A12,"00") -> cruise or field program 13 | C12: 923 | F12: 34698.917 | G12: 34698.917
A13: 14 | B13: ="cruise or field program " & TEXT(A13,"00") -> cruise or field program 14 | C13: 924 | F13: 38887.875 | G13: 38887.875
A14: 15 | B14: ="cruise or field program " & TEXT(A14,"00") -> cruise or field program 15 | C14: 925 | F14: 31411.917 | G14: 31411.917
A15: 16 | B15: ="cruise or field program " & TEXT(A15,"00") -> cruise or field program 16 | C15: 926 | F15: 36524.917 | G15: 37255.917
A16: 17 | B16: ="cruise or field program " & TEXT(A16,"00") -> cruise or field program 17 | C16: 927 | F16: 31776.917 | G16: 31776.917
A17: 18 | B17: ="cruise or field program " & TEXT(A17,"00") -> cruise or field program 18 | C17: 928 | F17: 36524.917 | G17: 36524.917
A18: 19 | B18: ="cruise or field program " & TEXT(A18,"00") -> cruise or field program 19 | C18: 930 | F18: 34030.917 | G18: 36261.875
A19: 20 | B19: ="cruise or field program " & TEXT(A19,"00") -> cruise or field program 20 | C19: 931 | F19: 31717.917 | G19: 31717.917
A20: 21 | B20: ="cruise or field program " & TEXT(A20,"00") -> cruise or field program 21 | C20: 933 | F20: 34195.875 | G20: 34195.875
... A23: 24 | B23: ="cruise or field program " & TEXT(A23,"00") -> cruise or field program 24 | C23: 937 | F23: 32872.917 | G23: 36890.917
A24: 25 | B24: ="cruise or field program " & TEXT(A24,"00") -> cruise or field program 25 | C24: 938 | F24: NULL | G24: NULL
A25: 26 | B25: ="cruise or field program " & TEXT(A25,"00") -> cruise or field program 26 | C25: 939 | F25: NULL | G25: NULL
A26: 27 | B26: ="cruise or field program " & TEXT(A26,"00") -> cruise or field program 27 | C26: 940 | F26: 32010.875 | G26: 35429.917
A27: 28 | B27: ="cruise or field program " & TEXT(A27,"00") -> cruise or field program 28 | C27: 941 | F27: 37255.917 | G27: 37255.917
A28: 29 | B28: ="cruise or field program " & TEXT(A28,"00") -> cruise or field program 29 | C28: 942 | F28: 35794.917 | G28: 36159.917
A29: 30 | B29: ="cruise or field program " & TEXT(A29,"00") -> cruise or field program 30 | C29: 943 | F29: 31820.917 | G29: 31820.917
A30: 31 | B30: ="cruise or field program " & TEXT(A30,"00") -> cruise or field program 31 | C30: 944 | F30: 35794.917 | G30: 35794.917
A31: 32 | B31: ="cruise or field program " & TEXT(A31,"00") -> cruise or field program 32 | C31: 945 | F31: 33603.917 | G31: 33603.917
A32: 33 | B32: ="cruise or field program " & TEXT(A32,"00") -> cruise or field program 33 | C32: 946 | F32: 35794.917 | G32: 35794.917
A33: 34 | B33: ="cruise or field program " & TEXT(A33,"00") -> cruise or field program 34 | C33: 947 | F33: NULL | G33: NULL
A34: 35 | B34: ="cruise or field program " & TEXT(A34,"00") -> cruise or field program 35 | C34: 948 | F34: 37255.917 | G34: 37255.917
A35: 36 | B35: ="cruise or field program " & TEXT(A35,"00") -> cruise or field program 36 | C35: 949 | F35: 29219.917 | G35: 35429.917
A36: 37 | B36: ="cruise or field program " & TEXT(A36,"00") -> cruise or field program 37 | C36: 950 | F36: NULL | G36: NULL
A37: 38 | B37: ="cruise or field program " & TEXT(A37,"00") -> cruise or field program 38 | C37: 951 | F37: 29950.917 | G37: 29950.917
A38: 39 | B38: ="cruise or field program " & TEXT(A38,"00") -> cruise or field program 39 | C38: 952 | F38: 37620.917 | G38: 37620.917
A39: 40 | B39: ="cruise or field program " & TEXT(A39,"00") -> cruise or field program 40 | C39: 953 | F39: 34967.875 | G39: 34974.875
A40: 42 | B40: ="cruise or field program " & TEXT(A40,"00") -> cruise or field program 42 | C40: 954 | F40: 36159.917 | G40: 36159.917
A41: 43 | B41: ="cruise or field program " & TEXT(A41,"00") -> cruise or field program 43 | C41: 955 | F41: 24012.875 | G41: 37737.875
A42: 44 | B42: ="cruise or field program " & TEXT(A42,"00") -> cruise or field program 44 | C42: 956 | F42: 35429.917 | G42: 35429.917
A43: 45 | B43: ="cruise or field program " & TEXT(A43,"00") -> cruise or field program 45 | C43: 957 | F43: 36159.917 | G43: 36159.917
A44: 46 | B44: ="cruise or field program " & TEXT(A44,"00") -> cruise or field program 46 | C44: 958 | F44: 36560.917 | G44: 36560.917
A45: 47 | B45: ="cruise or field program " & TEXT(A45,"00") -> cruise or field program 47 | C45: 959 | F45: 33968.917 | G45: 33968.917
A46: 48 | B46: ="cruise or field program " & TEXT(A46,"00") -> cruise or field program 48 | C46: 960 | F46: 34698.917 | G46: 34698.917
A47: 49 | B47: ="cruise or field program " & TEXT(A47,"00") -> cruise or field program 49 | C47: 961 | F47: 36159.917 | G47: 36159.917
A48: 50 | B48: ="cruise or field program " & TEXT(A48,"00") -> cruise or field program 50 | C48: 962 | F48: NULL | G48: NULL
A49: 51 | B49: ="cruise or field program " & TEXT(A49,"00") -> cruise or field program 51 | C49: 963 | F49: 35794.917 | G49: 35794.917
A50: 52 | B50: ="cruise or field program " & TEXT(A50,"00") -> cruise or field program 52 | C50: 964 | F50: 29219.917 | G50: 30315.917
A51: 53 | B51: ="cruise or field program " & TEXT(A51,"00") -> cruise or field program 53 | C51: 965 | F51: 34698.917 | G51: 35267.875
A52: 54 | B52: ="cruise or field program " & TEXT(A52,"00") -> cruise or field program 54 | C52: 966 | F52: NULL | G52: NULL
A53: 55 | B53: ="cruise or field program " & TEXT(A53,"00") -> cruise or field program 55 | C53: 967 | F53: 35687.875 | G53: 35687.875
A54: 56 | B54: ="cruise or field program " & TEXT(A54,"00") -> cruise or field program 56 | C54: 968 | F54: NULL | G54: NULL
A55: 57 | B55: ="cruise or field program " & TEXT(A55,"00") -> cruise or field program 57 | C55: 969 | F55: NULL | G55: NULL
A56: 58 | B56: ="cruise or field program " & TEXT(A56,"00") -> cruise or field program 58 | C56: 970 | F56: 31046.917 | G56: 31046.917
A57: 59 | B57: ="cruise or field program " & TEXT(A57,"00") -> cruise or field program 59 | C57: 971 | F57: 31843.917 | G57: 31843.917
A58: 60 | B58: ="cruise or field program " & TEXT(A58,"00") -> cruise or field program 60 | C58: 972 | F58: 27161.875 | G58: 27161.875
A59: 61 | B59: ="cruise or field program " & TEXT(A59,"00") -> cruise or field program 61 | C59: 973 | F59: 24106.917 | G59: 24106.917
A60: 62 | B60: ="cruise or field program " & TEXT(A60,"00") -> cruise or field program 62 | C60: 974 | F60: 29219.917 | G60: 29585.917
A61: 63 | B61: ="cruise or field program " & TEXT(A61,"00") -> cruise or field program 63 | C61: 975 | F61: 35275.875 | G61: 35275.875
A62: 64 | B62: ="cruise or field program " & TEXT(A62,"00") -> cruise or field program 64 | C62: 976 | F62: 37620.917 | G62: 37620.917
A63: 65 | B63: ="cruise or field program " & TEXT(A63,"00") -> cruise or field program 65 | C63: 977 | F63: 39143.917 | G63: 39164.875
A64: 66 | B64: ="cruise or field program " & TEXT(A64,"00") -> cruise or field program 66 | C64: 978 | F64: 39852.917 | G64: 39852.917
A65: 1001 | B65: ="cruise or field program " & TEXT(A65,"00") -> cruise or field program 1001 | C65: 921 | F65: 40587.917 | G65: 41722.875
A66: 1854 | B66: ="cruise or field program " & TEXT(A66,"00") -> cruise or field program 1854 | C66: 929 | F66: 41508.875 | G66: 41508.875
A67: 2002 | B67: ="cruise or field program " & TEXT(A67,"00") -> cruise or field program 2002 | C67: 932 | F67: 37472.708 | G67: 37472.708
A68: 2203 | B68: ="cruise or field program " & TEXT(A68,"00") -> cruise or field program 2203 | C68: 935 | F68: 40935.917 | G68: 43120.917
A69: 44983 | F69: NULL | G69: NULL
A70: MARSITE cruise | B70: MARSITE cruise | C70: 2146 | F70: NULL | G70: NULL
A71: Investigation of an Ancient Bald Cypress Forest in the Northern Gulf of Mexico | B71: Investigation of an Ancient Bald Cypress Forest in the Northern Gulf of Mexico | C71: 1663 | D71: R/V Point Sur | E71: R/V Point Sur | F71: 44396.875 | G71: 44396.875 | H71: platforms are R/V Point Sur or R/V Coastal Profiler
A72: 01/01/04n/r | B72: 01/01/04n/r | C72: 2 | F72: 37986.708 | G72: 37986.708 | H72: 3 samples, small craft, lake and terrestrial
A73: 1000 Soils Pilot | B73: 1000 Soils Pilot | C73: 3 | E73: Unknown | F73: 44458.875 | G73: 44595.917 | J73: Soil Sampling
A74: 17ARC | B74: 17ARC | C74: 4 | F74: 42586.875 | G74: 42961.875
A75: 1880-05-12 | B75: 1880-05-12 | C75: 5 | F75: NULL | G75: NULL
A76: 1979 Field Work | B76: 1979 Field Work | C76: 6 | E76: N.A. | F76: 29036.875 | G76: 29036.875 | J76: Field campaign
A77: 1986 SEA CLIFF dive program (Escanaba Trough) | B77: 1986 SEA CLIFF dive program (Escanaba Trough) | C77: 7 | F77: NULL | G77: NULL
A78: 1994 NOAA cruise | B78: 1994 NOAA cruise | C78: 8 | F78: NULL | G78: NULL
A79: 19OCS | B79: 19OCS | C79: 9 | D79: R/V APALACHEE | E79: R/V APALACHEE | F79: 43741.875 | G79: 43741.875
A80: 2004 MARGINS | B80: 2004 MARGINS | C80: 10 | F80: 38091.875 | G80: 38099.875
A81: 2005 MARGINS | B81: 2005 MARGINS | C81: 11 | F81: 38095.875 | G81: 38095.875
A82: 2006 MARGINS | B82: 2006 MARGINS | C82: 12 | F82: 38095.875 | G82: 38095.875
A83: 2007 MARGINS | B83: 2007 MARGINS | C83: 13 | F83: 38095.875 | G83: 38095.875
A84: 2008 MARGINS | B84: 2008 MARGINS | C84: 14 | F84: 38095.875 | G84: 38095.875
A85: 2009 MARGINS | B85: 2009 MARGINS | C85: 15 | F85: 38095.875 | G85: 38095.875
A86: 2009 Northern Expedition | B86: 2009 Northern Expedition | C86: 16 | D86: R/V Western Flyer | E86: R/V Western Flyer | F86: 40044.558 | G86: 40056.881
A87: 2012 Field Campaign | B87: 2012 Field Campaign | C87: 17 | E87: N.A. | F87: 40768.708 | G87: 40768.708 | J87: Field campaign
A88: 2013 Himalaya Fieldwork | B88: 2013 Himalaya Fieldwork | C88: 18 | E88: N.A. | F88: 41281.917 | G88: 41281.917 | J88: Field campaign
A89: 2013 summer field season | B89: 2013 summer field season | C89: 19 | E89: N.A. | F89: 41455.875 | G89: 41455.875 | J89: Field campaign
A90: 2014 summer field season | B90: 2013 summer field season | C90: 19 | E90: N.A. | F90: 41455.875 | G90: 41455.875 | H90: fix fill-down error that produced series of years | J90: Field campaign
A91: 2015 summer field season | B91: 2013 summer field season | C91: 19 | E91: N.A. | F91: 41455.875 | G91: 41455.875 | H91: fix fill-down error that produced series of years | J91: Field campaign
A92: 2016 summer field season | B92: 2013 summer field season | C92: 19 | E92: N.A. | F92: 41455.875 | G92: 41455.875 | H92: fix fill-down error that produced series of years | J92: Field campaign
A93: 2017 summer field season | B93: 2013 summer field season | C93: 19 | E93: N.A. | F93: 41455.875 | G93: 41455.875 | H93: fix fill-down error that produced series of years | J93: Field campaign
A94: 2018 summer field season | B94: 2013 summer field season | C94: 19 | E94: N.A. | F94: 41455.875 | G94: 41455.875 | H94: fix fill-down error that produced series of years | J94: Field campaign
A95: 2019 summer field season | B95: 2013 summer field season | C95: 19 | E95: N.A. | F95: 41455.875 | G95: 41455.875 | H95: fix fill-down error that produced series of years | J95: Field campaign
A96: 2020 summer field season | B96: 2013 summer field season | C96: 19 | E96: N.A. | F96: 41455.875 | G96: 41455.875 | H96: fix fill-down error that produced series of years | J96: Field campaign
A97: 2021 summer field season | B97: 2013 summer field season | C97: 19 | E97: N.A. | F97: 41455.875 | G97: 41455.875 | H97: fix fill-down error that produced series of years | J97: Field campaign
A98: 2022 summer field season | B98: 2013 summer field season | C98: 19 | E98: N.A. | F98: 41455.875 | G98: 41455.875 | H98: fix fill-down error that produced series of years | J98: Field campaign
A99: 2023 summer field season | B99: 2013 summer field season | C99: 19 | E99: N.A. | F99: 41455.875 | G99: 41455.875 | H99: fix fill-down error that produced series of years | J99: Field campaign
A100: 2024 summer field season | B100: 2013 summer field season | C100: 19 | E100: N.A. | F100: 41455.875 | G100: 41455.875 | H100: fix fill-down error that produced series of years | J100: Field campaign
A101: 2025 summer field season | B101: 2013 summer field season | C101: 19 | E101: N.A. | F101: 41455.875 | G101: 41455.875 | H101: fix fill-down error that produced series of years | J101: Field campaign
... A132: 2056 summer field season | B132: 2013 summer field season | C132: 19 | E132: N.A. | F132: 41455.875 | G132: 41455.875 | H132: fix fill-down error that produced series of years | J132: Field campaign
...

Sheet PlatformLookup
A1: platform_name_verbatim | B1: platform_name_label | C1: platform_id
A2: 4 | B2: platform 04 | C2: =IFERROR(INDEX([1]PlatformVocabulary!$A$2:$B$320,MATCH(B2,[1]PlatformVocabulary!$B$2:$B$320,FALSE),1),"") -> 133
A3: 5 | B3: platform 05 | C3: =IFERROR(INDEX([1]PlatformVocabulary!$A$2:$B$320,MATCH(B3,[1]PlatformVocabulary!$B$2:$B$320,FALSE),1),"") -> 134
A4: 6 | B4: platform 06 | C4: =IFERROR(INDEX([1]PlatformVocabulary!$A$2:$B$320,MATCH(B4,[1]PlatformVocabulary!$B$2:$B$320,FALSE),1),"") -> 135
A5: 7 | B5: platform 07 | C5: =IFERROR(INDEX([1]PlatformVocabulary!$A$2:$B$320,MATCH(B5,[1]PlatformVocabulary!$B$2:$B$320,FALSE),1),"") -> 136
A6: 8 | B6: platform 08 | C6: =IFERROR(INDEX([1]PlatformVocabulary!$A$2:$B$320,MATCH(B6,[1]PlatformVocabulary!$B$2:$B$320,FALSE),1),"") -> 137
A7: 9 | B7: platform 09 | C7: =IFERROR(INDEX([1]PlatformVocabulary!$A$2:$B$320,MATCH(B7,[1]PlatformVocabulary!$B$2:$B$320,FALSE),1),"") -> 138
A8: 10 | B8: platform 10 | C8: =IFERROR(INDEX([1]PlatformVocabulary!$A$2:$B$320,MATCH(B8,[1]PlatformVocabulary!$B$2:$B$320,FALSE),1),"") -> 139
A9: 11 | B9: platform 11 | C9: =IFERROR(INDEX([1]PlatformVocabulary!$A$2:$B$320,MATCH(B9,[1]PlatformVocabulary!$B$2:$B$320,FALSE),1),"") -> 140
A10: 13 | B10: platform 13 | C10: =IFERROR(INDEX([1]PlatformVocabulary!$A$2:$B$320,MATCH(B10,[1]PlatformVocabulary!$B$2:$B$320,FALSE),1),"") -> 141
A11: 14 | B11: platform 14 | C11: =IFERROR(INDEX([1]PlatformVocabulary!$A$2:$B$320,MATCH(B11,[1]PlatformVocabulary!$B$2:$B$320,FALSE),1),"") -> 142
A12: 15 | B12: platform 15 | C12: =IFERROR(INDEX([1]PlatformVocabulary!$A$2:$B$320,MATCH(B12,[1]PlatformVocabulary!$B$2:$B$320,FALSE),1),"") -> 143
A13: 16 | B13: platform 16 | C13: =IFERROR(INDEX([1]PlatformVocabulary!$A$2:$B$320,MATCH(B13,[1]PlatformVocabulary!$B$2:$B$320,FALSE),1),"") -> 144
... A18: 510 | B18: platform 510 | C18: =IFERROR(INDEX([1]PlatformVocabulary!$A$2:$B$320,MATCH(B18,[1]PlatformVocabulary!$B$2:$B$320,FALSE),1),"") -> 149
A19: -- | B19: Missing | C19: =IFERROR(INDEX([1]PlatformVocabulary!$A$2:$B$320,MATCH(B19,[1]PlatformVocabulary!$B$2:$B$320,FALSE),1),"") -> -9999
A20: R/V JOIDES Resolution | B20: D/V JOIDES Resolution | C20: =IFERROR(INDEX([1]PlatformVocabulary!$A$2:$B$320,MATCH(B20,[1]PlatformVocabulary!$B$2:$B$320,FALSE),1),"") -> 48
A21: RV Maman Benita | B21: R/V Maman Benita | C21: =IFERROR(INDEX([1]PlatformVocabulary!$A$2:$B$320,MATCH(B21,[1]PlatformVocabulary!$B$2:$B$320,FALSE),1),"") -> 187
A22: RV Minnow | B22: R/V Minnow | C22: =IFERROR(INDEX([1]PlatformVocabulary!$A$2:$B$320,MATCH(B22,[1]PlatformVocabulary!$B$2:$B$320,FALSE),1),"") -> 194
A23: Adriatico | B23: Adriatico | C23: =IFERROR(INDEX([1]PlatformVocabulary!$A$2:$B$320,MATCH(B23,[1]PlatformVocabulary!$B$2:$B$320,FALSE),1),"") -> 1
A24: Agulhas | B24: Agulhas | C24: =IFERROR(INDEX([1]PlatformVocabulary!$A$2:$B$320,MATCH(B24,[1]PlatformVocabulary!$B$2:$B$320,FALSE),1),"") -> 2
A25: Akademik B. Petrov | B25: R/V Akademik Boris Petrov | C25: =IFERROR(INDEX([1]PlatformVocabulary!$A$2:$B$320,MATCH(B25,[1]PlatformVocabulary!$B$2:$B$320,FALSE),1),"") -> 158
A26: Akademik Boris Petrov | B26: R/V Akademik Boris Petrov | C26: =IFERROR(INDEX([1]PlatformVocabulary!$A$2:$B$320,MATCH(B26,[1]PlatformVocabulary!$B$2:$B$320,FALSE),1),"") -> 158
A27: Akademik Kurchatov | B27: R/V Akademik Kurchatov | C27: =IFERROR(INDEX([1]PlatformVocabulary!$A$2:$B$320,MATCH(B27,[1]PlatformVocabulary!$B$2:$B$320,FALSE),1),"") -> 159
A28: Akademik M.A. Lavrentyev | B28: Akademik M.A. Lavrentyev | C28: =IFERROR(INDEX([1]PlatformVocabulary!$A$2:$B$320,MATCH(B28,[1]PlatformVocabulary!$B$2:$B$320,FALSE),1),"") -> 4
A29: Alaminos | B29: Alaminos | C29: =IFERROR(INDEX([1]PlatformVocabulary!$A$2:$B$320,MATCH(B29,[1]PlatformVocabulary!$B$2:$B$320,FALSE),1),"") -> 5
A30: Albatross | B30: Albatross | C30: =IFERROR(INDEX([1]PlatformVocabulary!$A$2:$B$320,MATCH(B30,[1]PlatformVocabulary!$B$2:$B$320,FALSE),1),"") -> 6
... A392: Thalassa | B392: Thalassa | C392: =IFERROR(INDEX([1]PlatformVocabulary!$A$2:$B$320,MATCH(B392,[1]PlatformVocabulary!$B$2:$B$320,FALSE),1),"") -> 288
B393: N.A. | C393: =IFERROR(INDEX([1]PlatformVocabulary!$A$2:$B$320,MATCH(B393,[1]PlatformVocabulary!$B$2:$B$320,FALSE),1),"") -> 110
A394: Theta | B394: Theta | C394: =IFERROR(INDEX([1]PlatformVocabulary!$A$2:$B$320,MATCH(B394,[1]PlatformVocabulary!$B$2:$B$320,FALSE),1),"") -> 289
A395: Thomas G Thompson | B395: R/V Thomas G. Thompson | C395: =IFERROR(INDEX([1]PlatformVocabulary!$A$2:$B$320,MATCH(B395,[1]PlatformVocabulary!$B$2:$B$320,FALSE),1),"") -> 221
A396: Thomas G. Thompson | B396: R/V Thomas G. Thompson | C396: =IFERROR(INDEX([1]PlatformVocabulary!$A$2:$B$320,MATCH(B396,[1]PlatformVocabulary!$B$2:$B$320,FALSE),1),"") -> 221
A397: THOMAS THOMPSON | B397: R/V Thomas G. Thompson | C397: =IFERROR(INDEX([1]PlatformVocabulary!$A$2:$B$320,MATCH(B397,[1]PlatformVocabulary!$B$2:$B$320,FALSE),1),"") -> 221
A398: Thomas Washington | B398: R/V Thomas Washington | C398: =IFERROR(INDEX([1]PlatformVocabulary!$A$2:$B$320,MATCH(B398,[1]PlatformVocabulary!$B$2:$B$320,FALSE),1),"") -> 222
A399: Thompson | B399: R/V Thomas G. Thompson | C399: =IFERROR(INDEX([1]PlatformVocabulary!$A$2:$B$320,MATCH(B399,[1]PlatformVocabulary!$B$2:$B$320,FALSE),1),"") -> 221
A400: TN154 | B400: TN154 | C400: =IFERROR(INDEX([1]PlatformVocabulary!$A$2:$B$320,MATCH(B400,[1]PlatformVocabulary!$B$2:$B$320,FALSE),1),"") -> 290
A401: Touchwood, 38 degrees South | B401: Touchwood, 38 degrees South | C401: =IFERROR(INDEX([1]PlatformVocabulary!$A$2:$B$320,MATCH(B401,[1]PlatformVocabulary!$B$2:$B$320,FALSE),1),"") -> 291
A402: TowCam | B402: TowCam | C402: =IFERROR(INDEX([1]PlatformVocabulary!$A$2:$B$320,MATCH(B402,[1]PlatformVocabulary!$B$2:$B$320,FALSE),1),"") -> 292
A403: Trident | B403: R/V Trident | C403: =IFERROR(INDEX([1]PlatformVocabulary!$A$2:$B$320,MATCH(B403,[1]PlatformVocabulary!$B$2:$B$320,FALSE),1),"") -> 223
A404: Trieste | B404: Trieste | C404: =IFERROR(INDEX([1]PlatformVocabulary!$A$2:$B$320,MATCH(B404,[1]PlatformVocabulary!$B$2:$B$320,FALSE),1),"") -> 293
A405: U.S.S. Nero | B405: U.S.S. Nero | C405: =IFERROR(INDEX([1]PlatformVocabulary!$A$2:$B$320,MATCH(B405,[1]PlatformVocabulary!$B$2:$B$320,FALSE),1),"") -> 294
... A433: Yokosuka | B433: R/V Yokosuka | C433: =IFERROR(INDEX([1]PlatformVocabulary!$A$2:$B$320,MATCH(B433,[1]PlatformVocabulary!$B$2:$B$320,FALSE),1),"") -> 230
C434: =IFERROR(INDEX([1]PlatformVocabulary!$A$2:$B$320,MATCH(B434,[1]PlatformVocabulary!$B$2:$B$320,FALSE),1),"")
B435: Unknown | C435: =IFERROR(INDEX([1]PlatformVocabulary!$A$2:$B$320,MATCH(B435,[1]PlatformVocabulary!$B$2:$B$320,FALSE),1),"") -> 295
B436: Atlantis II | C436: =IFERROR(INDEX([1]PlatformVocabulary!$A$2:$B$320,MATCH(B436,[1]PlatformVocabulary!$B$2:$B$320,FALSE),1),"") -> 25
B437: Chain | C437: =IFERROR(INDEX([1]PlatformVocabulary!$A$2:$B$320,MATCH(B437,[1]PlatformVocabulary!$B$2:$B$320,FALSE),1),"")
B438: USCGC Glacier | C438: =IFERROR(INDEX([1]PlatformVocabulary!$A$2:$B$320,MATCH(B438,[1]PlatformVocabulary!$B$2:$B$320,FALSE),1),"") -> 298
B439: USNS Eltanin | C439: =IFERROR(INDEX([1]PlatformVocabulary!$A$2:$B$320,MATCH(B439,[1]PlatformVocabulary!$B$2:$B$320,FALSE),1),"") -> 302
B440: USCGC Healy | C440: =IFERROR(INDEX([1]PlatformVocabulary!$A$2:$B$320,MATCH(B440,[1]PlatformVocabulary!$B$2:$B$320,FALSE),1),"") -> 299
B441: R/V Kana Keoki | C441: =IFERROR(INDEX([1]PlatformVocabulary!$A$2:$B$320,MATCH(B441,[1]PlatformVocabulary!$B$2:$B$320,FALSE),1),"") -> 180
B442: R/V Knorr | C442: =IFERROR(INDEX([1]PlatformVocabulary!$A$2:$B$320,MATCH(B442,[1]PlatformVocabulary!$B$2:$B$320,FALSE),1),"") -> 183
B443: R/V Nathaniel B. Palmer | C443: =IFERROR(INDEX([1]PlatformVocabulary!$A$2:$B$320,MATCH(B443,[1]PlatformVocabulary!$B$2:$B$320,FALSE),1),"") -> 196
B444: Polar Stern | C444: =IFERROR(INDEX([1]PlatformVocabulary!$A$2:$B$320,MATCH(B444,[1]PlatformVocabulary!$B$2:$B$320,FALSE),1),"")
B445: R.V. Thompson | C445: =IFERROR(INDEX([1]PlatformVocabulary!$A$2:$B$320,MATCH(B445,[1]PlatformVocabulary!$B$2:$B$320,FALSE),1),"")
B446: R/V Yokosuka | C446: =IFERROR(INDEX([1]PlatformVocabulary!$A$2:$B$320,MATCH(B446,[1]PlatformVocabulary!$B$2:$B$320,FALSE),1),"") -> 230
